-- SEED Languages
INSERT INTO "languages" ("language_code", "language_name") VALUES
('ru',	'Russian'),
('en',	'English');

-- SEED Countries

INSERT INTO "countries" ("country_code", "country_name", "currency_sign", "language_code") VALUES
('ru',	'Russia',	'₽',	'ru'),
('us',	'USA',	'$',	'en'),
('gb',	'Great Britain',	'£',	'en');


-- SEED Images
INSERT INTO "images" ("id", "caption", "uri_size_s", "uri_size_m", "uri_size_l", "is_main") VALUES
(1,	'Климатическая техника',	'img/categories/svg/001-air conditioner.svg',	'img/categories/svg/001-air conditioner.svg',	'img/categories/svg/001-air conditioner.svg',	'1'),
(4,	'Телевизор',	'img/categories/svg/045-television.svg',	'img/categories/svg/045-television.svg',	'img/categories/svg/045-television.svg',	'1'),
(5,	'Нагреватель',	'img/categories/svg/044-heater.svg',	'img/categories/svg/044-heater.svg',	'img/categories/svg/044-heater.svg',	'1'),
(6,	'Туалет',	'img/categories/svg/043-toilet paper.svg',	'img/categories/svg/043-toilet paper.svg',	'img/categories/svg/043-toilet paper.svg',	'1'),
(8,	'Тостер',	'img/categories/svg/042-toaster.svg',	'img/categories/svg/042-toaster.svg',	'img/categories/svg/042-toaster.svg',	'1'),
(9,	'Телефон',	'img/categories/svg/041-telephone.svg',	'img/categories/svg/041-telephone.svg',	'img/categories/svg/041-telephone.svg',	'1'),
(10,	'Чаничек',	'img/categories/svg/040-teapot.svg',	'img/categories/svg/040-teapot.svg',	'img/categories/svg/040-teapot.svg',	'1'),
(11,	'Духовка',	'img/categories/svg/039-stove.svg',	'img/categories/svg/039-stove.svg',	'img/categories/svg/039-stove.svg',	'1'),
(13,	'Херь какая-то',	'img/categories/svg/038-steamer.svg',	'img/categories/svg/038-steamer.svg',	'img/categories/svg/038-steamer.svg',	'1'),
(15,	'Колонка',	'img/categories/svg/037-speakers.svg',	'img/categories/svg/037-speakers.svg',	'img/categories/svg/037-speakers.svg',	'1'),
(16,	'Диван',	'img/categories/svg/036-sofa.svg',	'img/categories/svg/036-sofa.svg',	'img/categories/svg/036-sofa.svg',	'1'),
(17,	'Смартфон',	'img/categories/svg/035-smartphone.svg',	'img/categories/svg/035-smartphone.svg',	'img/categories/svg/035-smartphone.svg',	'1'),
(18,	'Швейная машинка',	'img/categories/svg/034-sewing machine.svg',	'img/categories/svg/034-sewing machine.svg',	'img/categories/svg/034-sewing machine.svg',	'1'),
(19,	'Роутер',	'img/categories/svg/033-router.svg',	'img/categories/svg/033-router.svg',	'img/categories/svg/033-router.svg',	'1'),
(20,	'Рисоварка',	'img/categories/svg/032-rice cooker.svg',	'img/categories/svg/032-rice cooker.svg',	'img/categories/svg/032-rice cooker.svg',	'1'),
(21,	'Холодильник',	'img/categories/svg/031-refrigerator.svg',	'img/categories/svg/031-refrigerator.svg',	'img/categories/svg/031-refrigerator.svg',	'1'),
(22,	'Радио',	'img/categories/svg/030-radio.svg',	'img/categories/svg/030-radio.svg',	'img/categories/svg/030-radio.svg',	'1'),
(23,	'Кастрюля',	'img/categories/svg/029-pot.svg',	'img/categories/svg/029-pot.svg',	'img/categories/svg/029-pot.svg',	'1'),
(25,	'Тарелка',	'img/categories/svg/028-plate.svg',	'img/categories/svg/028-plate.svg',	'img/categories/svg/028-plate.svg',	'1'),
(26,	'Миксер',	'img/categories/svg/026-mixer.svg',	'img/categories/svg/026-mixer.svg',	'img/categories/svg/026-mixer.svg',	'1'),
(27,	'Микроволновка',	'img/categories/svg/025-microwave oven.svg',	'img/categories/svg/025-microwave oven.svg',	'img/categories/svg/025-microwave oven.svg',	'1'),
(28,	'Блевалка',	'img/categories/svg/024-meat grinder.svg',	'img/categories/svg/024-meat grinder.svg',	'img/categories/svg/024-meat grinder.svg',	'1'),
(30,	'Измерительный стакан',	'img/categories/svg/023-measuring cup.svg',	'img/categories/svg/023-measuring cup.svg',	'img/categories/svg/023-measuring cup.svg',	'1'),
(31,	'Электрочайник',	'img/categories/svg/022-electric kettle.svg',	'img/categories/svg/022-electric kettle.svg',	'img/categories/svg/022-electric kettle.svg',	'1'),
(32,	'Утюг',	'img/categories/svg/021-iron.svg',	'img/categories/svg/021-iron.svg',	'img/categories/svg/021-iron.svg',	'1'),
(33,	'Вентилятор',	'img/categories/svg/017-fan.svg',	'img/categories/svg/017-fan.svg',	'img/categories/svg/017-fan.svg',	'1'),
(34,	'Бритва',	'img/categories/svg/016-electric shaver.svg',	'img/categories/svg/016-electric shaver.svg',	'img/categories/svg/016-electric shaver.svg',	'1'),
(35,	'Сверло',	'img/categories/svg/015-drill.svg',	'img/categories/svg/015-drill.svg',	'img/categories/svg/015-drill.svg',	'1'),
(36,	'Звонок',	'img/categories/svg/014-doorknob.svg',	'img/categories/svg/014-doorknob.svg',	'img/categories/svg/014-doorknob.svg',	'1'),
(37,	'Посудомоечная машина',	'img/categories/svg/013-dishwasher.svg',	'img/categories/svg/013-dishwasher.svg',	'img/categories/svg/013-dishwasher.svg',	'1'),
(38,	'Заглушка для всех товаров',	'https://placeimg.com/200/200/tech',	'https://placeimg.com/300/300/tech',	'https://placeimg.com/600/600/tech',	'1');

-- SEED Categories
INSERT INTO "categories" ("id", "original_language_language_code", "category_name", "description", "created_at", "updated_at", "image_id", "parent_id") VALUES
(1,		'ru',	'Бытовая техника',	'для дома и дачи',	'2000-01-18 11:01:50+00',	'1981-03-15 10:09:58+00',	1,	NULL),
(2,		'ru',	'Отдых и развлечения',	'лыжи, коньки, самокаты',	'1981-03-28 05:17:34+00',	'1984-06-17 07:12:12+00',	4,	NULL),
(4,		'ru',	'Дом, сад, баня',	'всякое разное',	'1997-08-19 11:34:08+00',	'1998-04-19 08:41:47+00',	6,	NULL),
(3,		'ru',	'Инструменты',	'для ремонта',	'1994-12-09 11:54:14+00',	'2004-10-05 16:15:14+00',	5,	4),
(5,		'ru',	'Компьютеры',	'комплектующие и ноутбуки',	'2004-11-07 06:14:36+00',	'2006-10-30 01:29:33+00',	8,	NULL),
(6,		'ru',	'Смартфоны и гаджеты',	'портативная техника',	'2018-01-28 01:00:52+00',	'2011-05-22 03:02:07+00',	9,	1),
(7,		'ru',	'Автотовары',	'для вашей машины',	'1994-03-29 07:00:33+00',	'1992-08-03 18:26:11+00',	10,	NULL),
(8,		'ru',	'Зоотовары',	'четвероногим нужна любовь',	'2017-12-17 01:04:32+00',	'1994-07-26 09:20:35+00',	11,	NULL),
(15,	'ru',	'Звуковые карты',	'музыку ведь слушать хочется?',	'2001-04-22 20:30:26+00',	'1987-02-06 17:01:24+00',	20,	5),
(10,	'ru',	'Офисные товары',	'бумага, концелярия',	'2016-10-25 15:34:23+00',	'1988-11-16 11:26:34+00',	15,	15),
(11,	'ru',	'Услуги',	'можем что-то сделать',	'1980-01-15 11:16:20+00',	'2013-04-04 08:27:23+00',	16,	NULL),
(12,	'ru',	'Мебель и кресла',	'мягка и не очень',	'2005-08-21 19:15:07+00',	'2004-08-07 18:56:14+00',	17,	4),
(13,	'ru',	'Видео карты',	'играм нужная хорошая видюха',	'1996-08-02 09:25:07+00',	'2003-06-04 14:15:22+00',	18,	5),
(14,	'ru',	'Оперативная память',	'в простонародье ОЗУ',	'1996-11-10 00:27:19+00',	'1996-03-26 15:57:21+00',	19,	5),
(16,	'ru',	'Продукты питания',	'еда живая и не очень',	'1997-10-15 01:55:58+00',	'1985-01-26 14:30:08+00',	21,	NULL),
(17,	'ru',	'Молоко',	'муууу ой',	'2016-09-10 20:00:50+00',	'2009-11-22 09:42:58+00',	22,	16),
(18,	'ru',	'Колбаса',	'потому что вкусно',	'2015-06-19 08:04:31+00',	'2019-06-03 23:01:01+00',	23,	16),
(19,	'ru',	'Корпуса',	'комплектуху надо куда-то вставлять',	'1998-11-10 05:39:24+00',	'2009-11-04 19:01:59+00',	25,	5),
(20,	'ru',	'Блоки питания',	'мощь!',	'1997-08-15 06:07:55+00',	'1997-10-16 00:52:39+00',	26,	5),
(21,	'ru',	'Планшеты',	'для поиграться',	'1998-08-22 09:51:24+00',	'1997-10-10 15:18:46+00',	27,	1),
(22,	'ru',	'Умные часы',	'бесполезная хрень',	'1999-09-05 23:55:49+00',	'2015-12-15 21:05:20+00',	28,	1),
(25,	'ru',	'Шины и диски',	'не те диски баолван',	'2006-01-27 23:41:45+00',	'2011-02-20 13:41:53+00',	32,	7),
(27,	'ru',	'Лопаты',	'копать не перекопать',	'2002-10-21 19:07:51+00',	'1997-07-07 21:15:29+00',	34,	3),
(28,	'ru',	'Самокаты',	'вжиих!',	'2003-03-03 07:10:07+00',	'1986-08-16 12:54:34+00',	35,	2),
(29,	'ru',	'Карты памяти',	'для фоточек',	'2019-10-06 02:43:29+00',	'1980-02-21 08:26:02+00',	36,	5),
(30,	'ru',	'Конопочные телефоны',	'для бабушки',	'2019-01-10 05:53:38+00',	'2008-02-14 13:47:17+00',	37,	6),
(31,	'ru',	'Мячики',	'Гав гав',	'1992-10-25 13:34:35+00',	'1992-09-05 08:40:50+00',	6,	8),
(32,	'ru',	'Косточки',	'хрум хрум бууээ',	'2018-02-05 10:03:41+00',	'2006-01-20 03:26:58+00',	26,	8),
(33,	'ru',	'Когтидерки',	'цап царап',	'2019-12-30 02:17:15+00',	'1994-11-25 05:36:44+00',	1,	8),
(34,	'ru',	'Компьютерные кресла',	'для жопы',	'2000-10-21 10:04:16+00',	'2017-08-20 20:30:33+00',	4,	12),
(35,	'ru',	'Диваны',	'бумс',	'1981-02-28 05:10:53+00',	'1981-01-05 20:10:52+00',	5,	12),
(36,	'ru',	'Бинзопилы',	'ну как в фильме ужасов',	'2001-05-19 16:17:07+00',	'1981-01-11 04:03:01+00',	6,	3),
(37,	'ru',	'Молотки',	'тыдыщ',	'2012-03-17 09:43:50+00',	'1994-12-12 12:41:13+00',	10,	3),
(38,	'ru',	'Сверла',	'вжжжж',	'2007-08-03 08:52:26+00',	'1993-11-07 12:37:48+00',	8,	3),
(39,	'ru',	'Клавиатуры',	'тырк тырк тырк',	'1984-09-30 22:49:37+00',	'2014-06-19 22:28:43+00',	13,	5);

-- SEED Category_Translation
INSERT INTO "category_translations" ("category_id", "language_code", "category_name", "description") VALUES
(1,	'en',	'Household appliances',	'Make it work for you'),
(2,	'en',	'Leisure and Entertainment',	'Let the paty begin'),
(3,	'en',	'Tools',	'Handy tools for repairing'),
(4,	'en',	'House, Gardening, Sauna',	'Outdoor facility'),
(5,	'en',	'Desctops and Laptops',	'A mashine for human needs'),
(6,	'en',	'Smartphones',	'A little helpers'),
(7,	'en',	'Car accessories',	'Make it right'),
(8,	'en',	'Pet goods',	'Happy dog and cat'),
(10,	'en',	'Office goods',	'Productive work ahead'),
(11,	'en',	'Service',	'Perhaps you need some'),
(12,	'en',	'Furniture',	'Fluffy, cosy for you'),
(13,	'en',	'Video adapters',	'Gamers will be satisfied'),
(14,	'en',	'RAM',	'RandomAccessMemory'),
(15,	'en',	'Audio cards',	'Pleasant sound for your ears'),
(16,	'en',	'Foods',	'Eat or die'),
(17,	'en',	'Milk',	'A cow goes MOOOOO!'),
(18,	'en',	'Sausage',	'You definitely need it'),
(19,	'en',	'Cases',	'A computer internals need a shell'),
(20,	'en',	'Power Supplys',	'I said power!'),
(21,	'en',	'Tablets',	'For fun and gaming'),
(22,	'en',	'Smart watches',	'Wearable appliance'),
(25,	'en',	'Tires and wheels',	'Well...'),
(27,	'en',	'Shovels',	'The grave will not dig itself'),
(28,	'en',	'Scooter',	'Enjoy before falling'),
(29,	'en',	'Memory cards',	'Save your data here'),
(30,	'en',	'Old phones',	'In case your a retrograd'),
(31,	'en',	'Balls',	'Whait...what? Not that balls!'),
(32,	'en',	'Bones',	'Only for dinos...dogs!'),
(33,	'en',	'Playground for cats',	'Mew mew'),
(34,	'en',	'Armchairs',	'Nice and cosy'),
(35,	'en',	'Sofas',	'And this is not a name'),
(36,	'en',	'Chainsaws',	'Wjjjj like in a horror movie'),
(37,	'en',	'Hammers',	'Whuuush and you are dead. Next!'),
(38,	'en',	'Drill bits',	'Sharp, ouch!'),
(39,	'en',	'Keyboards',	'Work work work');

-- SEED Products

INSERT INTO "products" ("id", "original_language_language_code", "product_name", "description", "price", "created_at", "updated_at", "category_id", "details") VALUES
(1,		'en',	'Suspendisse potenti.',	'Aliquam augue quam, sollicitudin vitae, consectetuer eget, rutrum at, lorem. Integer tincidunt ante vel ipsum. Praesent blandit lacinia erat. Vestibulum sed magna at nunc commodo placerat.',	7924.64,	'2022-03-18 16:21:36+00',	'2021-12-06 12:00:08+00',	16,	NULL),
(2,		'en',	'Ut at dolor quis odio consequat varius.',	'Nulla neque libero, convallis eget, eleifend luctus, ultricies eu, nibh. Quisque id justo sit amet sapien dignissim vestibulum.',	6845.14,	'2021-10-30 15:44:51+00',	'2021-08-04 15:32:52+00',	32,	NULL),
(3,		'en',	'Etiam faucibus cursus urna.',	'Aenean sit amet justo. Morbi ut odio. Cras mi pede, malesuada in, imperdiet et, commodo vulputate, justo. In blandit ultrices enim.',	3800.68,	'2021-06-04 01:05:42+00',	'2021-07-19 13:37:03+00',	2,	NULL),
(4,		'en',	'Nam ultrices, libero non mattis pulvinar, nulla pede ullamcorper augue, a suscipit nulla elit ac nulla.',	'Aenean sit amet justo. Morbi ut odio. Cras mi pede, malesuada in, imperdiet et, commodo vulputate, justo.',	328.72,	'2021-10-06 05:57:34+00',	'2021-09-21 22:02:11+00',	16,	NULL),
(5,		'en',	'Ut tellus.',	'Nunc rhoncus dui vel sem. Sed sagittis. Nam congue, risus semper porta volutpat, quam pede lobortis ligula, sit amet eleifend pede libero quis orci. Nullam molestie nibh in lectus.',	5787.05,	'2022-03-03 10:29:03+00',	'2021-08-22 13:02:09+00',	21,	NULL),
(6,		'en',	'Donec odio justo, sollicitudin ut, suscipit a, feugiat et, eros.',	'Donec quis orci eget orci vehicula condimentum. Curabitur in libero ut massa volutpat convallis. Morbi odio odio, elementum eu, interdum eu, tincidunt in, leo. Maecenas pulvinar lobortis est.',	3694.16,	'2021-04-26 09:32:40+00',	'2022-03-28 19:18:50+00',	14,	NULL),
(7,		'en',	'Duis bibendum, felis sed interdum venenatis, turpis enim blandit mi, in porttitor pede justo eu massa.',	'Proin leo odio, porttitor id, consequat in, consequat ut, nulla.',	7289.1,	'2022-01-08 08:14:18+00',	'2021-05-14 21:34:46+00',	6,	NULL),
(8,		'en',	'Praesent lectus.',	'Sed accumsan felis.',	480.03,	'2021-07-17 04:53:43+00',	'2021-12-29 05:30:39+00',	11,	NULL),
(9,		'en',	'Proin leo odio, porttitor id, consequat in, consequat ut, nulla.',	'Nulla justo. Aliquam quis turpis eget elit sodales scelerisque.',	2586.77,	'2021-06-04 23:12:48+00',	'2021-05-03 07:47:32+00',	38,	NULL),
(10,	'en',	'Vivamus vestibulum sagittis sapien.',	'Integer ac neque.',	9381.84,	'2022-01-22 01:05:27+00',	'2021-06-26 02:56:42+00',	12,	NULL),
(11,	'en',	'Pellentesque eget nunc.',	'In eleifend quam a odio. In hac habitasse platea dictumst. Maecenas ut massa quis augue luctus tincidunt. Nulla mollis molestie lorem.',	4149.52,	'2021-12-01 10:46:54+00',	'2021-07-28 18:21:46+00',	28,	NULL),
(12,	'en',	'Pellentesque viverra pede ac diam.',	'Nam dui. Proin leo odio, porttitor id, consequat in, consequat ut, nulla. Sed accumsan felis.',	6689.44,	'2021-12-23 23:23:18+00',	'2021-08-30 07:34:23+00',	22,	NULL),
(13,	'en',	'Vestibulum ante ipsum primis in faucibus orci luctus et ultrices posuere cubilia Curae; Nulla dapibus dolor vel est.',	'Fusce lacus purus, aliquet at, feugiat non, pretium quis, lectus. Suspendisse potenti.',	1674.98,	'2021-08-07 06:22:52+00',	'2022-04-17 13:11:49+00',	35,	NULL),
(14,	'en',	'Mauris sit amet eros.',	'Quisque ut erat. Curabitur gravida nisi at nibh. In hac habitasse platea dictumst. Aliquam augue quam, sollicitudin vitae, consectetuer eget, rutrum at, lorem.',	872.67,	'2022-01-28 17:49:56+00',	'2021-09-17 09:39:16+00',	12,	NULL),
(15,	'en',	'Donec posuere metus vitae ipsum.',	'Maecenas rhoncus aliquam lacus. Morbi quis tortor id nulla ultrices aliquet. Maecenas leo odio, condimentum id, luctus nec, molestie sed, justo. Pellentesque viverra pede ac diam. Cras pellentesque volutpat dui.',	8296.07,	'2021-06-22 19:03:20+00',	'2022-04-19 22:42:48+00',	28,	NULL),
(16,	'en',	'In quis justo.',	'Phasellus in felis. Donec semper sapien a libero. Nam dui. Proin leo odio, porttitor id, consequat in, consequat ut, nulla.',	2922.45,	'2021-07-02 16:29:46+00',	'2021-11-20 11:24:56+00',	17,	NULL),
(18,	'en',	'Integer aliquet, massa id lobortis convallis, tortor risus dapibus augue, vel accumsan tellus nisi eu orci.',	'Vestibulum ante ipsum primis in faucibus orci luctus et ultrices posuere cubilia Curae; Nulla dapibus dolor vel est. Donec odio justo, sollicitudin ut, suscipit a, feugiat et, eros. Vestibulum ac est lacinia nisi venenatis tristique.',	9614.19,	'2021-09-09 22:12:46+00',	'2022-04-06 11:22:59+00',	31,	NULL),
(19,	'en',	'Vestibulum ante ipsum primis in faucibus orci luctus et ultrices posuere cubilia Curae; Nulla dapibus dolor vel est.',	'Vestibulum sed magna at nunc commodo placerat.',	8171.51,	'2021-06-06 04:40:12+00',	'2021-05-31 00:59:59+00',	1,	NULL),
(20,	'en',	'Fusce congue, diam id ornare imperdiet, sapien urna pretium nisl, ut volutpat sapien arcu sed augue.',	'Duis bibendum. Morbi non quam nec dui luctus rutrum. Nulla tellus. In sagittis dui vel nisl. Duis ac nibh.',	1016.76,	'2021-08-22 14:05:49+00',	'2021-09-19 10:06:49+00',	2,	NULL),
(21,	'en',	'Quisque erat eros, viverra eget, congue eget, semper rutrum, nulla.',	'Quisque porta volutpat erat. Quisque erat eros, viverra eget, congue eget, semper rutrum, nulla. Nunc purus. Phasellus in felis.',	6987.94,	'2022-01-10 17:49:39+00',	'2021-06-02 06:00:26+00',	29,	NULL),
(22,	'en',	'Morbi vel lectus in quam fringilla rhoncus.',	'Sed vel enim sit amet nunc viverra dapibus.',	2339.46,	'2021-12-27 11:27:05+00',	'2021-05-10 09:42:59+00',	10,	NULL),
(23,	'en',	'Duis bibendum, felis sed interdum venenatis, turpis enim blandit mi, in porttitor pede justo eu massa.',	'Nulla neque libero, convallis eget, eleifend luctus, ultricies eu, nibh. Quisque id justo sit amet sapien dignissim vestibulum. Vestibulum ante ipsum primis in faucibus orci luctus et ultrices posuere cubilia Curae; Nulla dapibus dolor vel est. Donec odio justo, sollicitudin ut, suscipit a, feugiat et, eros.',	7772.59,	'2021-09-03 05:26:19+00',	'2021-09-03 15:12:04+00',	18,	NULL),
(24,	'en',	'Aenean lectus.',	'Sed vel enim sit amet nunc viverra dapibus. Nulla suscipit ligula in lacus. Curabitur at ipsum ac tellus semper interdum.',	802.8,	'2021-09-28 23:51:55+00',	'2022-03-15 11:00:00+00',	12,	NULL),
(25,	'en',	'In congue.',	'In blandit ultrices enim. Lorem ipsum dolor sit amet, consectetuer adipiscing elit. Proin interdum mauris non ligula pellentesque ultrices.',	5433.88,	'2022-02-19 19:50:39+00',	'2021-06-26 11:28:31+00',	37,	NULL),
(26,	'en',	'Nam nulla.',	'Nam congue, risus semper porta volutpat, quam pede lobortis ligula, sit amet eleifend pede libero quis orci.',	7662.68,	'2021-06-15 06:37:08+00',	'2021-07-13 06:03:53+00',	8,	NULL),
(27,	'en',	'Mauris lacinia sapien quis libero.',	'Proin leo odio, porttitor id, consequat in, consequat ut, nulla. Sed accumsan felis. Ut at dolor quis odio consequat varius. Integer ac leo. Pellentesque ultrices mattis odio.',	255.4,	'2022-01-24 11:40:53+00',	'2021-09-23 07:48:22+00',	6,	NULL),
(29,	'en',	'Mauris enim leo, rhoncus sed, vestibulum sit amet, cursus id, turpis.',	'Sed vel enim sit amet nunc viverra dapibus. Nulla suscipit ligula in lacus.',	4952.81,	'2021-08-05 14:07:18+00',	'2021-08-21 09:01:09+00',	25,	NULL),
(30,	'en',	'Curabitur at ipsum ac tellus semper interdum.',	'Ut at dolor quis odio consequat varius. Integer ac leo. Pellentesque ultrices mattis odio. Donec vitae nisi.',	661.07,	'2021-10-08 01:03:08+00',	'2022-03-19 23:20:37+00',	20,	NULL),
(31,	'en',	'Aenean lectus.',	'Aliquam non mauris. Morbi non lectus. Aliquam sit amet diam in magna bibendum imperdiet. Nullam orci pede, venenatis non, sodales sed, tincidunt eu, felis.',	1895.15,	'2021-06-12 04:54:58+00',	'2022-01-18 15:46:32+00',	36,	NULL),
(32,	'en',	'Vestibulum ac est lacinia nisi venenatis tristique.',	'Sed sagittis. Nam congue, risus semper porta volutpat, quam pede lobortis ligula, sit amet eleifend pede libero quis orci. Nullam molestie nibh in lectus.',	2004.26,	'2021-11-21 07:12:11+00',	'2021-08-12 18:53:03+00',	39,	NULL),
(33,	'en',	'Pellentesque eget nunc.',	'Morbi a ipsum. Integer a nibh.',	3857.3,	'2021-08-26 02:32:11+00',	'2021-09-25 09:06:10+00',	17,	NULL),
(34,	'en',	'Duis aliquam convallis nunc.',	'In blandit ultrices enim. Lorem ipsum dolor sit amet, consectetuer adipiscing elit. Proin interdum mauris non ligula pellentesque ultrices. Phasellus id sapien in sapien iaculis congue.',	3732.83,	'2021-10-09 16:23:23+00',	'2022-03-08 04:00:56+00',	13,	NULL),
(35,	'en',	'Praesent id massa id nisl venenatis lacinia.',	'Integer ac leo. Pellentesque ultrices mattis odio.',	5163.51,	'2021-04-26 11:16:19+00',	'2021-11-02 16:12:46+00',	36,	NULL),
(36,	'en',	'Duis consequat dui nec nisi volutpat eleifend.',	'Praesent id massa id nisl venenatis lacinia.',	8301.4,	'2021-12-25 22:20:41+00',	'2021-12-03 20:26:54+00',	32,	NULL),
(37,	'en',	'Cras pellentesque volutpat dui.',	'Sed ante. Vivamus tortor. Duis mattis egestas metus. Aenean fermentum.',	6526.76,	'2021-10-19 15:51:09+00',	'2021-07-03 21:07:36+00',	17,	NULL),
(38,	'en',	'Ut at dolor quis odio consequat varius.',	'Nam congue, risus semper porta volutpat, quam pede lobortis ligula, sit amet eleifend pede libero quis orci. Nullam molestie nibh in lectus. Pellentesque at nulla.',	9910.42,	'2021-08-11 23:09:34+00',	'2021-08-09 02:29:53+00',	21,	NULL),
(39,	'en',	'Nulla neque libero, convallis eget, eleifend luctus, ultricies eu, nibh.',	'Nulla ut erat id mauris vulputate elementum. Nullam varius. Nulla facilisi. Cras non velit nec nisi vulputate nonummy. Maecenas tincidunt lacus at velit.',	4041.33,	'2021-11-07 14:59:34+00',	'2021-05-29 11:40:38+00',	22,	NULL),
(40,	'en',	'Phasellus id sapien in sapien iaculis congue.',	'Morbi non lectus. Aliquam sit amet diam in magna bibendum imperdiet. Nullam orci pede, venenatis non, sodales sed, tincidunt eu, felis.',	3419.1,	'2021-11-13 22:35:50+00',	'2022-02-05 20:36:42+00',	33,	NULL),
(41,	'en',	'Phasellus id sapien in sapien iaculis congue.',	'Donec odio justo, sollicitudin ut, suscipit a, feugiat et, eros. Vestibulum ac est lacinia nisi venenatis tristique. Fusce congue, diam id ornare imperdiet, sapien urna pretium nisl, ut volutpat sapien arcu sed augue.',	8746.88,	'2021-05-04 12:39:40+00',	'2021-11-03 14:20:32+00',	2,	NULL),
(42,	'en',	'Donec ut mauris eget massa tempor convallis.',	'Nam dui. Proin leo odio, porttitor id, consequat in, consequat ut, nulla. Sed accumsan felis. Ut at dolor quis odio consequat varius.',	4846.3,	'2021-05-20 14:36:37+00',	'2021-08-01 22:13:54+00',	5,	NULL),
(43,	'en',	'Nam ultrices, libero non mattis pulvinar, nulla pede ullamcorper augue, a suscipit nulla elit ac nulla.',	'Duis mattis egestas metus.',	9393.36,	'2021-08-25 16:26:42+00',	'2021-08-24 12:55:45+00',	12,	NULL),
(44,	'en',	'Etiam vel augue.',	'Donec ut dolor. Morbi vel lectus in quam fringilla rhoncus.',	2116.55,	'2022-01-09 07:06:58+00',	'2021-06-20 03:55:31+00',	15,	NULL),
(45,	'en',	'Aliquam augue quam, sollicitudin vitae, consectetuer eget, rutrum at, lorem.',	'Cum sociis natoque penatibus et magnis dis parturient montes, nascetur ridiculus mus. Vivamus vestibulum sagittis sapien.',	192.44,	'2021-05-03 10:32:49+00',	'2021-08-28 04:41:21+00',	25,	NULL),
(46,	'en',	'Cras non velit nec nisi vulputate nonummy.',	'Donec semper sapien a libero. Nam dui.',	6532.37,	'2021-10-21 02:06:13+00',	'2021-11-13 23:48:21+00',	2,	NULL),
(47,	'en',	'Donec diam neque, vestibulum eget, vulputate ut, ultrices vel, augue.',	'Donec diam neque, vestibulum eget, vulputate ut, ultrices vel, augue. Vestibulum ante ipsum primis in faucibus orci luctus et ultrices posuere cubilia Curae; Donec pharetra, magna vestibulum aliquet ultrices, erat tortor sollicitudin mi, sit amet lobortis sapien sapien non mi. Integer ac neque. Duis bibendum. Morbi non quam nec dui luctus rutrum.',	454.59,	'2022-01-10 15:59:49+00',	'2022-03-11 23:37:14+00',	3,	NULL),
(48,	'en',	'Quisque arcu libero, rutrum ac, lobortis vel, dapibus at, diam.',	'Phasellus id sapien in sapien iaculis congue. Vivamus metus arcu, adipiscing molestie, hendrerit at, vulputate vitae, nisl. Aenean lectus. Pellentesque eget nunc. Donec quis orci eget orci vehicula condimentum.',	6547.53,	'2021-12-30 16:38:45+00',	'2021-10-30 01:18:10+00',	8,	NULL),
(49,	'en',	'Nulla tempus.',	'Aliquam non mauris. Morbi non lectus. Aliquam sit amet diam in magna bibendum imperdiet. Nullam orci pede, venenatis non, sodales sed, tincidunt eu, felis. Fusce posuere felis sed lacus.',	3135.47,	'2021-04-30 11:22:12+00',	'2021-08-15 04:58:55+00',	38,	NULL),
(50,	'en',	'Fusce congue, diam id ornare imperdiet, sapien urna pretium nisl, ut volutpat sapien arcu sed augue.',	'Curabitur at ipsum ac tellus semper interdum.',	1846.78,	'2022-01-01 11:37:40+00',	'2021-12-10 21:57:38+00',	12,	NULL),
(51,	'en',	'Vivamus vestibulum sagittis sapien.',	'Curabitur convallis. Duis consequat dui nec nisi volutpat eleifend. Donec ut dolor.',	4363.1,	'2021-10-10 23:42:03+00',	'2021-06-02 12:40:33+00',	8,	NULL),
(52,	'en',	'Aenean sit amet justo.',	'Quisque ut erat. Curabitur gravida nisi at nibh. In hac habitasse platea dictumst.',	2638.29,	'2022-01-06 03:44:26+00',	'2022-03-10 23:18:28+00',	11,	NULL),
(53,	'en',	'Praesent lectus.',	'Suspendisse potenti. Nullam porttitor lacus at turpis. Donec posuere metus vitae ipsum. Aliquam non mauris.',	8879.44,	'2022-02-15 22:40:11+00',	'2022-02-08 07:15:37+00',	38,	NULL),
(54,	'en',	'Fusce consequat.',	'Morbi a ipsum.',	2374.7,	'2021-08-09 17:46:21+00',	'2021-04-30 19:56:36+00',	30,	NULL),
(55,	'en',	'Cum sociis natoque penatibus et magnis dis parturient montes, nascetur ridiculus mus.',	'Praesent blandit lacinia erat. Vestibulum sed magna at nunc commodo placerat. Praesent blandit. Nam nulla. Integer pede justo, lacinia eget, tincidunt eget, tempus vel, pede.',	5619.1,	'2021-06-14 08:25:30+00',	'2021-08-10 12:05:46+00',	32,	NULL),
(56,	'en',	'Maecenas tincidunt lacus at velit.',	'Sed vel enim sit amet nunc viverra dapibus. Nulla suscipit ligula in lacus. Curabitur at ipsum ac tellus semper interdum. Mauris ullamcorper purus sit amet nulla.',	1619.29,	'2021-08-15 15:32:13+00',	'2021-10-16 22:20:46+00',	2,	NULL),
(57,	'en',	'Etiam vel augue.',	'Morbi non lectus. Aliquam sit amet diam in magna bibendum imperdiet.',	9094.38,	'2021-10-27 18:00:02+00',	'2021-11-01 15:47:08+00',	1,	NULL),
(59,	'en',	'Cum sociis natoque penatibus et magnis dis parturient montes, nascetur ridiculus mus.',	'Curabitur convallis. Duis consequat dui nec nisi volutpat eleifend. Donec ut dolor. Morbi vel lectus in quam fringilla rhoncus.',	3407.78,	'2021-08-12 03:30:53+00',	'2022-02-15 12:35:56+00',	22,	NULL),
(60,	'en',	'Nulla ac enim.',	'Praesent id massa id nisl venenatis lacinia. Aenean sit amet justo.',	1426.4,	'2021-09-21 15:37:51+00',	'2021-07-11 04:27:49+00',	16,	NULL),
(62,	'en',	'Duis mattis egestas metus.',	'Pellentesque eget nunc. Donec quis orci eget orci vehicula condimentum. Curabitur in libero ut massa volutpat convallis.',	9681.14,	'2021-09-10 10:26:12+00',	'2021-07-25 07:58:08+00',	30,	NULL),
(63,	'en',	'Vestibulum ac est lacinia nisi venenatis tristique.',	'Duis bibendum, felis sed interdum venenatis, turpis enim blandit mi, in porttitor pede justo eu massa. Donec dapibus. Duis at velit eu est congue elementum. In hac habitasse platea dictumst.',	5594.97,	'2022-04-04 19:52:19+00',	'2022-03-15 05:39:45+00',	18,	NULL),
(161,	'en',	'Morbi quis tortor id nulla ultrices aliquet.',	'Aenean lectus. Pellentesque eget nunc.',	1732.12,	'2021-07-14 15:39:16+00',	'2022-04-01 03:12:43+00',	4,	NULL),
(64,	'en',	'Aenean auctor gravida sem.',	'Etiam vel augue. Vestibulum rutrum rutrum neque. Aenean auctor gravida sem. Praesent id massa id nisl venenatis lacinia. Aenean sit amet justo.',	2800.01,	'2021-09-08 01:49:24+00',	'2021-07-14 16:25:07+00',	14,	NULL),
(65,	'en',	'Suspendisse potenti.',	'Cras non velit nec nisi vulputate nonummy. Maecenas tincidunt lacus at velit. Vivamus vel nulla eget eros elementum pellentesque. Quisque porta volutpat erat.',	220.62,	'2021-07-18 20:32:24+00',	'2021-05-27 00:53:45+00',	13,	NULL),
(66,	'en',	'Maecenas tincidunt lacus at velit.',	'Phasellus sit amet erat.',	8686.45,	'2021-05-06 05:32:34+00',	'2022-04-25 09:04:59+00',	29,	NULL),
(67,	'en',	'In est risus, auctor sed, tristique in, tempus sit amet, sem.',	'Nulla ut erat id mauris vulputate elementum. Nullam varius. Nulla facilisi. Cras non velit nec nisi vulputate nonummy. Maecenas tincidunt lacus at velit.',	4349.98,	'2021-08-12 22:17:27+00',	'2022-04-25 05:33:32+00',	30,	'{"Voltage": 120, "ScreenSize": 18.7, "HasSubwoofer": "yes", "ScreenResolution": "1280x1920"}'),
(68,	'en',	'Nam ultrices, libero non mattis pulvinar, nulla pede ullamcorper augue, a suscipit nulla elit ac nulla.',	'Duis bibendum, felis sed interdum venenatis, turpis enim blandit mi, in porttitor pede justo eu massa. Donec dapibus. Duis at velit eu est congue elementum. In hac habitasse platea dictumst. Morbi vestibulum, velit id pretium iaculis, diam erat fermentum justo, nec condimentum neque sapien placerat ante.',	750.67,	'2021-11-08 10:26:32+00',	'2021-11-28 17:14:28+00',	12,	NULL),
(69,	'en',	'Sed accumsan felis.',	'Aliquam quis turpis eget elit sodales scelerisque.',	2765.35,	'2021-09-14 07:30:45+00',	'2022-01-13 13:49:33+00',	10,	NULL),
(70,	'en',	'Donec vitae nisi.',	'Curabitur convallis. Duis consequat dui nec nisi volutpat eleifend. Donec ut dolor. Morbi vel lectus in quam fringilla rhoncus. Mauris enim leo, rhoncus sed, vestibulum sit amet, cursus id, turpis.',	8466.42,	'2022-04-12 09:33:27+00',	'2022-03-27 22:37:42+00',	36,	NULL),
(71,	'en',	'Duis consequat dui nec nisi volutpat eleifend.',	'Pellentesque ultrices mattis odio. Donec vitae nisi. Nam ultrices, libero non mattis pulvinar, nulla pede ullamcorper augue, a suscipit nulla elit ac nulla.',	1735.33,	'2021-10-02 07:27:26+00',	'2022-01-02 02:01:59+00',	34,	NULL),
(72,	'en',	'Phasellus sit amet erat.',	'Integer aliquet, massa id lobortis convallis, tortor risus dapibus augue, vel accumsan tellus nisi eu orci. Mauris lacinia sapien quis libero.',	7298.62,	'2021-08-09 05:39:11+00',	'2021-11-20 21:45:34+00',	12,	NULL),
(73,	'en',	'In hac habitasse platea dictumst.',	'In hac habitasse platea dictumst.',	8054.35,	'2021-07-16 06:58:21+00',	'2021-05-11 06:55:39+00',	25,	NULL),
(74,	'en',	'Nulla tellus.',	'In eleifend quam a odio.',	4214.96,	'2022-02-07 16:53:40+00',	'2021-10-31 12:36:55+00',	2,	NULL),
(75,	'en',	'Morbi porttitor lorem id ligula.',	'Maecenas pulvinar lobortis est. Phasellus sit amet erat. Nulla tempus.',	5689.19,	'2021-09-11 11:35:22+00',	'2021-05-29 19:47:39+00',	35,	NULL),
(76,	'en',	'In hac habitasse platea dictumst.',	'Donec dapibus. Duis at velit eu est congue elementum. In hac habitasse platea dictumst. Morbi vestibulum, velit id pretium iaculis, diam erat fermentum justo, nec condimentum neque sapien placerat ante.',	4493.35,	'2021-10-19 17:58:31+00',	'2021-09-09 02:14:21+00',	29,	NULL),
(77,	'en',	'Nullam molestie nibh in lectus.',	'Curabitur gravida nisi at nibh. In hac habitasse platea dictumst. Aliquam augue quam, sollicitudin vitae, consectetuer eget, rutrum at, lorem. Integer tincidunt ante vel ipsum. Praesent blandit lacinia erat.',	4088,	'2021-10-12 15:08:20+00',	'2022-04-03 09:41:05+00',	25,	NULL),
(78,	'en',	'In hac habitasse platea dictumst.',	'Morbi vel lectus in quam fringilla rhoncus. Mauris enim leo, rhoncus sed, vestibulum sit amet, cursus id, turpis.',	959.96,	'2021-07-02 16:49:51+00',	'2022-01-24 15:28:36+00',	31,	NULL),
(79,	'en',	'Cum sociis natoque penatibus et magnis dis parturient montes, nascetur ridiculus mus.',	'Nullam porttitor lacus at turpis. Donec posuere metus vitae ipsum. Aliquam non mauris. Morbi non lectus.',	8959.13,	'2021-12-23 07:37:15+00',	'2021-12-12 07:45:45+00',	29,	NULL),
(80,	'en',	'Vestibulum quam sapien, varius ut, blandit non, interdum in, ante.',	'Vestibulum ante ipsum primis in faucibus orci luctus et ultrices posuere cubilia Curae; Mauris viverra diam vitae quam. Suspendisse potenti. Nullam porttitor lacus at turpis. Donec posuere metus vitae ipsum. Aliquam non mauris.',	349.72,	'2021-11-28 13:06:01+00',	'2021-05-24 08:20:03+00',	17,	NULL),
(82,	'en',	'Donec semper sapien a libero.',	'Donec odio justo, sollicitudin ut, suscipit a, feugiat et, eros.',	2012.17,	'2022-02-08 16:50:34+00',	'2022-03-08 05:34:04+00',	20,	NULL),
(83,	'en',	'Donec odio justo, sollicitudin ut, suscipit a, feugiat et, eros.',	'Nam ultrices, libero non mattis pulvinar, nulla pede ullamcorper augue, a suscipit nulla elit ac nulla. Sed vel enim sit amet nunc viverra dapibus.',	2840.68,	'2021-10-07 08:51:32+00',	'2022-01-06 17:52:03+00',	21,	NULL),
(84,	'en',	'Integer non velit.',	'Suspendisse potenti. In eleifend quam a odio. In hac habitasse platea dictumst. Maecenas ut massa quis augue luctus tincidunt.',	9844.5,	'2022-04-03 07:05:15+00',	'2021-08-25 18:54:26+00',	1,	NULL),
(85,	'en',	'Vivamus in felis eu sapien cursus vestibulum.',	'Nulla ut erat id mauris vulputate elementum. Nullam varius.',	4695.92,	'2022-02-02 07:18:48+00',	'2022-04-18 00:54:08+00',	2,	NULL),
(86,	'en',	'Phasellus in felis.',	'In quis justo. Maecenas rhoncus aliquam lacus. Morbi quis tortor id nulla ultrices aliquet. Maecenas leo odio, condimentum id, luctus nec, molestie sed, justo. Pellentesque viverra pede ac diam.',	7219.09,	'2022-01-14 03:08:30+00',	'2022-02-15 02:55:07+00',	20,	NULL),
(87,	'en',	'Nulla nisl.',	'Curabitur gravida nisi at nibh. In hac habitasse platea dictumst. Aliquam augue quam, sollicitudin vitae, consectetuer eget, rutrum at, lorem.',	6644.4,	'2021-08-03 02:47:35+00',	'2021-06-22 13:36:17+00',	27,	NULL),
(88,	'en',	'Sed sagittis.',	'Vestibulum quam sapien, varius ut, blandit non, interdum in, ante.',	4109.4,	'2022-01-16 15:49:10+00',	'2021-05-30 00:13:10+00',	22,	NULL),
(89,	'en',	'Quisque erat eros, viverra eget, congue eget, semper rutrum, nulla.',	'In hac habitasse platea dictumst. Etiam faucibus cursus urna. Ut tellus. Nulla ut erat id mauris vulputate elementum. Nullam varius.',	6653.72,	'2022-02-04 04:58:49+00',	'2021-10-12 14:24:50+00',	18,	NULL),
(90,	'en',	'In sagittis dui vel nisl.',	'Fusce congue, diam id ornare imperdiet, sapien urna pretium nisl, ut volutpat sapien arcu sed augue. Aliquam erat volutpat. In congue.',	2111.21,	'2022-01-04 18:40:53+00',	'2022-03-23 17:28:05+00',	31,	NULL),
(91,	'en',	'Sed ante.',	'Integer ac leo. Pellentesque ultrices mattis odio. Donec vitae nisi. Nam ultrices, libero non mattis pulvinar, nulla pede ullamcorper augue, a suscipit nulla elit ac nulla. Sed vel enim sit amet nunc viverra dapibus.',	6545.83,	'2021-08-23 23:16:14+00',	'2022-04-14 06:41:58+00',	13,	NULL),
(94,	'en',	'Nulla tempus.',	'Quisque erat eros, viverra eget, congue eget, semper rutrum, nulla. Nunc purus. Phasellus in felis. Donec semper sapien a libero. Nam dui.',	1314.22,	'2021-09-03 23:27:22+00',	'2021-04-27 00:36:14+00',	1,	NULL),
(95,	'en',	'Duis aliquam convallis nunc.',	'In hac habitasse platea dictumst. Etiam faucibus cursus urna.',	9606.76,	'2022-02-13 01:04:17+00',	'2022-01-24 14:47:28+00',	29,	NULL),
(96,	'en',	'Donec diam neque, vestibulum eget, vulputate ut, ultrices vel, augue.',	'Donec odio justo, sollicitudin ut, suscipit a, feugiat et, eros. Vestibulum ac est lacinia nisi venenatis tristique. Fusce congue, diam id ornare imperdiet, sapien urna pretium nisl, ut volutpat sapien arcu sed augue.',	5174.96,	'2021-07-08 02:49:57+00',	'2021-09-05 07:50:10+00',	38,	NULL),
(97,	'en',	'Aliquam augue quam, sollicitudin vitae, consectetuer eget, rutrum at, lorem.',	'Nullam orci pede, venenatis non, sodales sed, tincidunt eu, felis. Fusce posuere felis sed lacus. Morbi sem mauris, laoreet ut, rhoncus aliquet, pulvinar sed, nisl. Nunc rhoncus dui vel sem.',	1117.52,	'2022-03-09 22:32:24+00',	'2021-08-18 23:43:15+00',	31,	NULL),
(98,	'en',	'Morbi vel lectus in quam fringilla rhoncus.',	'Nullam porttitor lacus at turpis. Donec posuere metus vitae ipsum. Aliquam non mauris. Morbi non lectus.',	2333.98,	'2022-01-30 08:36:17+00',	'2022-01-16 09:58:02+00',	32,	NULL),
(99,	'en',	'Vivamus vel nulla eget eros elementum pellentesque.',	'Donec diam neque, vestibulum eget, vulputate ut, ultrices vel, augue. Vestibulum ante ipsum primis in faucibus orci luctus et ultrices posuere cubilia Curae; Donec pharetra, magna vestibulum aliquet ultrices, erat tortor sollicitudin mi, sit amet lobortis sapien sapien non mi. Integer ac neque. Duis bibendum.',	8184.26,	'2022-04-01 19:52:23+00',	'2021-09-22 06:15:14+00',	21,	NULL),
(100,	'en',	'Integer ac leo.',	'In quis justo. Maecenas rhoncus aliquam lacus. Morbi quis tortor id nulla ultrices aliquet. Maecenas leo odio, condimentum id, luctus nec, molestie sed, justo. Pellentesque viverra pede ac diam.',	259.4,	'2022-01-15 15:00:44+00',	'2021-05-31 05:42:22+00',	3,	NULL),
(102,	'en',	'Cras mi pede, malesuada in, imperdiet et, commodo vulputate, justo.',	'Nulla tellus.',	8631.23,	'2021-11-29 10:22:30+00',	'2022-02-02 12:02:02+00',	13,	NULL),
(103,	'en',	'Quisque id justo sit amet sapien dignissim vestibulum.',	'Integer a nibh. In quis justo.',	4033.51,	'2021-06-30 05:14:24+00',	'2022-03-12 08:39:30+00',	2,	NULL),
(104,	'en',	'Nulla suscipit ligula in lacus.',	'Integer ac neque. Duis bibendum. Morbi non quam nec dui luctus rutrum. Nulla tellus.',	342.87,	'2021-06-21 23:29:29+00',	'2022-03-15 01:25:44+00',	15,	NULL),
(105,	'en',	'Morbi sem mauris, laoreet ut, rhoncus aliquet, pulvinar sed, nisl.',	'Integer a nibh. In quis justo.',	6870.29,	'2021-08-19 09:03:26+00',	'2021-11-21 17:10:30+00',	14,	NULL),
(106,	'en',	'Vestibulum ante ipsum primis in faucibus orci luctus et ultrices posuere cubilia Curae; Nulla dapibus dolor vel est.',	'In est risus, auctor sed, tristique in, tempus sit amet, sem. Fusce consequat.',	4079.89,	'2022-02-04 11:15:19+00',	'2021-08-06 14:47:49+00',	8,	NULL),
(107,	'en',	'Pellentesque eget nunc.',	'Mauris ullamcorper purus sit amet nulla.',	574.07,	'2022-02-26 01:59:02+00',	'2021-05-01 06:34:33+00',	31,	NULL),
(108,	'en',	'Nullam orci pede, venenatis non, sodales sed, tincidunt eu, felis.',	'Morbi vestibulum, velit id pretium iaculis, diam erat fermentum justo, nec condimentum neque sapien placerat ante. Nulla justo. Aliquam quis turpis eget elit sodales scelerisque. Mauris sit amet eros. Suspendisse accumsan tortor quis turpis.',	2931.85,	'2022-03-20 21:12:28+00',	'2021-10-12 17:24:46+00',	1,	NULL),
(109,	'en',	'Nullam sit amet turpis elementum ligula vehicula consequat.',	'Nulla suscipit ligula in lacus. Curabitur at ipsum ac tellus semper interdum.',	4477.02,	'2021-05-09 15:34:23+00',	'2021-11-24 00:33:33+00',	29,	NULL),
(110,	'en',	'Nullam orci pede, venenatis non, sodales sed, tincidunt eu, felis.',	'Integer tincidunt ante vel ipsum.',	2380.31,	'2022-02-09 23:06:32+00',	'2021-10-22 05:41:49+00',	30,	'{"Voltage": 220, "ScreenSize": 48.9, "HasSubwoofer": "no", "ScreenResolution": "1024x768"}'),
(111,	'en',	'Praesent id massa id nisl venenatis lacinia.',	'Praesent blandit lacinia erat. Vestibulum sed magna at nunc commodo placerat. Praesent blandit. Nam nulla. Integer pede justo, lacinia eget, tincidunt eget, tempus vel, pede.',	852.83,	'2021-10-16 21:27:12+00',	'2021-11-05 09:36:17+00',	18,	NULL),
(112,	'en',	'Donec dapibus.',	'Nulla tempus. Vivamus in felis eu sapien cursus vestibulum. Proin eu mi. Nulla ac enim. In tempor, turpis nec euismod scelerisque, quam turpis adipiscing lorem, vitae mattis nibh ligula nec sem.',	3559.95,	'2021-12-18 22:55:34+00',	'2021-09-07 22:29:22+00',	28,	NULL),
(113,	'en',	'Curabitur in libero ut massa volutpat convallis.',	'Aenean fermentum. Donec ut mauris eget massa tempor convallis. Nulla neque libero, convallis eget, eleifend luctus, ultricies eu, nibh. Quisque id justo sit amet sapien dignissim vestibulum. Vestibulum ante ipsum primis in faucibus orci luctus et ultrices posuere cubilia Curae; Nulla dapibus dolor vel est.',	5551.97,	'2021-12-13 02:03:02+00',	'2022-01-02 08:07:33+00',	36,	NULL),
(114,	'en',	'Duis bibendum, felis sed interdum venenatis, turpis enim blandit mi, in porttitor pede justo eu massa.',	'Maecenas leo odio, condimentum id, luctus nec, molestie sed, justo. Pellentesque viverra pede ac diam. Cras pellentesque volutpat dui. Maecenas tristique, est et tempus semper, est quam pharetra magna, ac consequat metus sapien ut nunc.',	5513.92,	'2021-08-31 05:40:53+00',	'2022-01-18 06:47:42+00',	32,	NULL),
(115,	'en',	'Donec quis orci eget orci vehicula condimentum.',	'Curabitur gravida nisi at nibh. In hac habitasse platea dictumst.',	5830.61,	'2021-05-08 02:22:27+00',	'2021-12-07 23:19:14+00',	32,	NULL),
(116,	'en',	'Vivamus vestibulum sagittis sapien.',	'In hac habitasse platea dictumst. Aliquam augue quam, sollicitudin vitae, consectetuer eget, rutrum at, lorem.',	8158.62,	'2021-08-13 15:43:37+00',	'2022-01-10 20:45:27+00',	10,	NULL),
(117,	'en',	'Duis bibendum, felis sed interdum venenatis, turpis enim blandit mi, in porttitor pede justo eu massa.',	'Aliquam sit amet diam in magna bibendum imperdiet. Nullam orci pede, venenatis non, sodales sed, tincidunt eu, felis. Fusce posuere felis sed lacus. Morbi sem mauris, laoreet ut, rhoncus aliquet, pulvinar sed, nisl. Nunc rhoncus dui vel sem.',	6648.31,	'2021-05-17 05:53:17+00',	'2022-03-19 02:53:24+00',	22,	NULL),
(118,	'en',	'Morbi non quam nec dui luctus rutrum.',	'Phasellus id sapien in sapien iaculis congue. Vivamus metus arcu, adipiscing molestie, hendrerit at, vulputate vitae, nisl. Aenean lectus.',	5731.09,	'2021-09-21 13:58:38+00',	'2022-01-24 11:59:37+00',	8,	NULL),
(119,	'en',	'Fusce consequat.',	'Morbi vestibulum, velit id pretium iaculis, diam erat fermentum justo, nec condimentum neque sapien placerat ante. Nulla justo.',	8977.18,	'2021-07-04 19:59:09+00',	'2021-06-20 17:30:44+00',	18,	NULL),
(120,	'en',	'Donec semper sapien a libero.',	'Quisque porta volutpat erat. Quisque erat eros, viverra eget, congue eget, semper rutrum, nulla. Nunc purus.',	6767.73,	'2021-11-14 14:26:15+00',	'2021-05-04 12:34:24+00',	37,	NULL),
(121,	'en',	'Mauris lacinia sapien quis libero.',	'Morbi vestibulum, velit id pretium iaculis, diam erat fermentum justo, nec condimentum neque sapien placerat ante. Nulla justo. Aliquam quis turpis eget elit sodales scelerisque. Mauris sit amet eros. Suspendisse accumsan tortor quis turpis.',	3198.53,	'2021-12-04 17:31:46+00',	'2021-09-12 09:41:44+00',	10,	NULL),
(122,	'en',	'Mauris ullamcorper purus sit amet nulla.',	'Suspendisse potenti. Nullam porttitor lacus at turpis. Donec posuere metus vitae ipsum. Aliquam non mauris.',	4975.51,	'2021-06-12 09:08:17+00',	'2021-07-31 02:51:31+00',	28,	NULL),
(123,	'en',	'Vestibulum ante ipsum primis in faucibus orci luctus et ultrices posuere cubilia Curae; Nulla dapibus dolor vel est.',	'Vestibulum quam sapien, varius ut, blandit non, interdum in, ante.',	4855.87,	'2021-08-18 05:41:13+00',	'2022-03-28 16:51:11+00',	10,	NULL),
(124,	'en',	'Mauris lacinia sapien quis libero.',	'Etiam faucibus cursus urna. Ut tellus. Nulla ut erat id mauris vulputate elementum. Nullam varius.',	3815.83,	'2021-05-07 07:45:45+00',	'2021-09-09 09:55:56+00',	27,	NULL),
(125,	'en',	'Donec odio justo, sollicitudin ut, suscipit a, feugiat et, eros.',	'Morbi odio odio, elementum eu, interdum eu, tincidunt in, leo. Maecenas pulvinar lobortis est. Phasellus sit amet erat. Nulla tempus. Vivamus in felis eu sapien cursus vestibulum.',	3757.98,	'2021-09-01 15:30:00+00',	'2021-05-05 09:54:39+00',	30,	NULL),
(126,	'en',	'Fusce lacus purus, aliquet at, feugiat non, pretium quis, lectus.',	'Donec ut mauris eget massa tempor convallis. Nulla neque libero, convallis eget, eleifend luctus, ultricies eu, nibh.',	9190.73,	'2021-11-20 11:40:42+00',	'2021-07-19 17:31:13+00',	11,	NULL),
(127,	'en',	'In hac habitasse platea dictumst.',	'In hac habitasse platea dictumst. Etiam faucibus cursus urna. Ut tellus. Nulla ut erat id mauris vulputate elementum. Nullam varius.',	4461.77,	'2021-11-22 06:47:28+00',	'2022-03-16 16:58:12+00',	29,	NULL),
(128,	'en',	'Ut tellus.',	'Morbi non lectus. Aliquam sit amet diam in magna bibendum imperdiet.',	1575.46,	'2022-01-11 16:17:16+00',	'2022-01-15 11:07:41+00',	18,	NULL),
(129,	'en',	'In hac habitasse platea dictumst.',	'Nulla tempus. Vivamus in felis eu sapien cursus vestibulum. Proin eu mi. Nulla ac enim. In tempor, turpis nec euismod scelerisque, quam turpis adipiscing lorem, vitae mattis nibh ligula nec sem.',	8200.99,	'2021-05-12 19:40:42+00',	'2021-07-23 01:54:01+00',	2,	NULL),
(130,	'en',	'Maecenas rhoncus aliquam lacus.',	'Mauris sit amet eros. Suspendisse accumsan tortor quis turpis. Sed ante. Vivamus tortor. Duis mattis egestas metus.',	679.1,	'2021-12-26 22:58:28+00',	'2021-05-03 14:02:35+00',	3,	NULL),
(131,	'en',	'Mauris lacinia sapien quis libero.',	'Quisque id justo sit amet sapien dignissim vestibulum. Vestibulum ante ipsum primis in faucibus orci luctus et ultrices posuere cubilia Curae; Nulla dapibus dolor vel est. Donec odio justo, sollicitudin ut, suscipit a, feugiat et, eros. Vestibulum ac est lacinia nisi venenatis tristique.',	2748.71,	'2022-04-24 07:33:18+00',	'2021-09-30 12:02:23+00',	25,	NULL),
(132,	'en',	'Fusce posuere felis sed lacus.',	'Quisque porta volutpat erat.',	7767.99,	'2021-08-16 16:35:08+00',	'2021-07-23 23:45:52+00',	4,	NULL),
(133,	'en',	'Curabitur gravida nisi at nibh.',	'Integer non velit. Donec diam neque, vestibulum eget, vulputate ut, ultrices vel, augue. Vestibulum ante ipsum primis in faucibus orci luctus et ultrices posuere cubilia Curae; Donec pharetra, magna vestibulum aliquet ultrices, erat tortor sollicitudin mi, sit amet lobortis sapien sapien non mi. Integer ac neque.',	7605.64,	'2021-12-14 19:22:42+00',	'2021-12-20 18:54:05+00',	18,	NULL),
(134,	'en',	'Duis mattis egestas metus.',	'Integer ac neque. Duis bibendum.',	8585.06,	'2021-10-13 03:51:00+00',	'2021-05-25 16:46:17+00',	34,	NULL),
(135,	'en',	'In eleifend quam a odio.',	'Morbi vel lectus in quam fringilla rhoncus. Mauris enim leo, rhoncus sed, vestibulum sit amet, cursus id, turpis. Integer aliquet, massa id lobortis convallis, tortor risus dapibus augue, vel accumsan tellus nisi eu orci. Mauris lacinia sapien quis libero.',	7005.06,	'2021-04-30 12:07:37+00',	'2021-09-27 23:32:54+00',	35,	NULL),
(136,	'en',	'Duis bibendum.',	'Pellentesque viverra pede ac diam. Cras pellentesque volutpat dui.',	2857.51,	'2022-02-20 14:06:05+00',	'2022-03-21 19:46:29+00',	34,	NULL),
(137,	'en',	'Suspendisse potenti.',	'Aliquam non mauris.',	7261.95,	'2021-06-09 19:15:31+00',	'2021-11-21 08:06:43+00',	12,	NULL),
(138,	'en',	'Vestibulum ante ipsum primis in faucibus orci luctus et ultrices posuere cubilia Curae; Nulla dapibus dolor vel est.',	'Nulla justo. Aliquam quis turpis eget elit sodales scelerisque. Mauris sit amet eros.',	1115.99,	'2021-07-05 07:47:13+00',	'2022-04-18 00:54:53+00',	31,	NULL),
(139,	'en',	'Nullam sit amet turpis elementum ligula vehicula consequat.',	'Praesent lectus.',	5108.1,	'2021-09-09 02:55:29+00',	'2021-12-15 15:05:04+00',	12,	NULL),
(140,	'en',	'Maecenas ut massa quis augue luctus tincidunt.',	'Praesent blandit. Nam nulla. Integer pede justo, lacinia eget, tincidunt eget, tempus vel, pede. Morbi porttitor lorem id ligula.',	6380.23,	'2022-03-13 00:21:03+00',	'2021-09-30 09:14:32+00',	10,	NULL),
(141,	'en',	'Nam congue, risus semper porta volutpat, quam pede lobortis ligula, sit amet eleifend pede libero quis orci.',	'Proin leo odio, porttitor id, consequat in, consequat ut, nulla. Sed accumsan felis. Ut at dolor quis odio consequat varius. Integer ac leo.',	6110.83,	'2021-10-11 13:07:20+00',	'2022-03-26 00:30:50+00',	38,	NULL),
(142,	'en',	'Lorem ipsum dolor sit amet, consectetuer adipiscing elit.',	'Aenean sit amet justo. Morbi ut odio. Cras mi pede, malesuada in, imperdiet et, commodo vulputate, justo.',	147.39,	'2022-01-04 23:43:50+00',	'2021-12-27 03:03:32+00',	2,	NULL),
(143,	'en',	'Donec ut dolor.',	'Suspendisse potenti.',	8972.37,	'2022-04-24 21:34:45+00',	'2021-11-28 09:21:36+00',	12,	NULL),
(145,	'en',	'Morbi vel lectus in quam fringilla rhoncus.',	'Morbi non lectus.',	4734.49,	'2021-10-08 15:01:51+00',	'2021-08-09 15:18:51+00',	36,	NULL),
(146,	'en',	'Maecenas leo odio, condimentum id, luctus nec, molestie sed, justo.',	'Duis consequat dui nec nisi volutpat eleifend.',	6658.78,	'2022-04-19 23:53:34+00',	'2022-01-15 06:13:01+00',	37,	NULL),
(148,	'en',	'Nulla mollis molestie lorem.',	'Pellentesque at nulla. Suspendisse potenti. Cras in purus eu magna vulputate luctus. Cum sociis natoque penatibus et magnis dis parturient montes, nascetur ridiculus mus.',	7982.07,	'2022-01-08 07:32:17+00',	'2021-11-18 11:24:24+00',	27,	NULL),
(149,	'en',	'Maecenas leo odio, condimentum id, luctus nec, molestie sed, justo.',	'Nunc nisl. Duis bibendum, felis sed interdum venenatis, turpis enim blandit mi, in porttitor pede justo eu massa.',	6665.8,	'2021-10-25 13:25:16+00',	'2021-09-11 23:44:59+00',	4,	NULL),
(150,	'en',	'Mauris ullamcorper purus sit amet nulla.',	'Suspendisse accumsan tortor quis turpis. Sed ante.',	6827.99,	'2022-01-07 08:06:38+00',	'2021-12-16 18:48:33+00',	25,	NULL),
(151,	'en',	'Nunc purus.',	'Nam nulla. Integer pede justo, lacinia eget, tincidunt eget, tempus vel, pede. Morbi porttitor lorem id ligula. Suspendisse ornare consequat lectus. In est risus, auctor sed, tristique in, tempus sit amet, sem.',	3372.28,	'2021-10-24 21:08:50+00',	'2022-03-11 19:50:34+00',	5,	NULL),
(152,	'en',	'Nullam molestie nibh in lectus.',	'Nam dui.',	880.38,	'2021-08-01 15:14:22+00',	'2021-12-13 02:07:56+00',	39,	NULL),
(153,	'en',	'Vestibulum ante ipsum primis in faucibus orci luctus et ultrices posuere cubilia Curae; Mauris viverra diam vitae quam.',	'Vestibulum sed magna at nunc commodo placerat.',	4049.34,	'2021-05-11 03:15:31+00',	'2022-01-13 10:51:26+00',	34,	NULL),
(154,	'en',	'Mauris ullamcorper purus sit amet nulla.',	'Suspendisse potenti.',	7517.69,	'2021-08-22 06:04:49+00',	'2021-11-21 15:25:06+00',	1,	NULL),
(156,	'en',	'Vestibulum ac est lacinia nisi venenatis tristique.',	'Donec quis orci eget orci vehicula condimentum. Curabitur in libero ut massa volutpat convallis. Morbi odio odio, elementum eu, interdum eu, tincidunt in, leo.',	7357.74,	'2021-11-28 00:39:41+00',	'2021-05-13 19:54:09+00',	8,	NULL),
(157,	'en',	'Proin leo odio, porttitor id, consequat in, consequat ut, nulla.',	'Cras non velit nec nisi vulputate nonummy.',	4862.49,	'2021-09-23 16:41:53+00',	'2021-07-10 17:21:28+00',	27,	NULL),
(158,	'en',	'Proin at turpis a pede posuere nonummy.',	'Sed ante. Vivamus tortor.',	2922.36,	'2022-01-15 23:16:44+00',	'2021-09-02 16:00:34+00',	32,	NULL),
(160,	'en',	'Nulla tempus.',	'Duis bibendum. Morbi non quam nec dui luctus rutrum. Nulla tellus. In sagittis dui vel nisl. Duis ac nibh.',	6416.26,	'2021-12-04 20:22:54+00',	'2022-02-14 15:27:07+00',	16,	NULL),
(162,	'en',	'Cum sociis natoque penatibus et magnis dis parturient montes, nascetur ridiculus mus.',	'Cras non velit nec nisi vulputate nonummy. Maecenas tincidunt lacus at velit. Vivamus vel nulla eget eros elementum pellentesque. Quisque porta volutpat erat. Quisque erat eros, viverra eget, congue eget, semper rutrum, nulla.',	628.4,	'2022-02-08 13:59:03+00',	'2022-02-11 09:45:27+00',	11,	NULL),
(164,	'en',	'Suspendisse potenti.',	'Nunc rhoncus dui vel sem. Sed sagittis.',	2455.41,	'2021-11-05 19:48:25+00',	'2021-12-04 11:32:43+00',	12,	NULL),
(165,	'en',	'Nunc rhoncus dui vel sem.',	'Etiam vel augue. Vestibulum rutrum rutrum neque. Aenean auctor gravida sem.',	8049.4,	'2022-03-29 07:15:55+00',	'2021-11-16 21:56:45+00',	6,	NULL),
(166,	'en',	'Nunc rhoncus dui vel sem.',	'Vestibulum sed magna at nunc commodo placerat. Praesent blandit. Nam nulla. Integer pede justo, lacinia eget, tincidunt eget, tempus vel, pede.',	6853.75,	'2021-06-15 05:20:18+00',	'2021-10-25 18:25:27+00',	10,	NULL),
(167,	'en',	'Aliquam sit amet diam in magna bibendum imperdiet.',	'Proin interdum mauris non ligula pellentesque ultrices. Phasellus id sapien in sapien iaculis congue. Vivamus metus arcu, adipiscing molestie, hendrerit at, vulputate vitae, nisl.',	8052.81,	'2021-09-17 01:39:16+00',	'2021-05-22 05:40:39+00',	3,	NULL),
(168,	'en',	'In eleifend quam a odio.',	'Maecenas ut massa quis augue luctus tincidunt. Nulla mollis molestie lorem. Quisque ut erat. Curabitur gravida nisi at nibh. In hac habitasse platea dictumst.',	7873.32,	'2021-07-25 03:19:46+00',	'2022-02-24 17:31:49+00',	20,	NULL),
(169,	'en',	'Aliquam augue quam, sollicitudin vitae, consectetuer eget, rutrum at, lorem.',	'In congue. Etiam justo.',	3318.85,	'2022-04-14 12:14:49+00',	'2022-03-04 16:50:01+00',	35,	NULL),
(170,	'en',	'Nulla tempus.',	'Sed vel enim sit amet nunc viverra dapibus. Nulla suscipit ligula in lacus. Curabitur at ipsum ac tellus semper interdum. Mauris ullamcorper purus sit amet nulla. Quisque arcu libero, rutrum ac, lobortis vel, dapibus at, diam.',	7858.88,	'2021-10-28 07:38:50+00',	'2022-04-22 18:21:36+00',	34,	NULL),
(171,	'en',	'In sagittis dui vel nisl.',	'Quisque erat eros, viverra eget, congue eget, semper rutrum, nulla. Nunc purus. Phasellus in felis.',	1548.07,	'2021-08-14 13:02:10+00',	'2022-02-03 22:21:43+00',	4,	NULL),
(172,	'en',	'Phasellus in felis.',	'Sed accumsan felis. Ut at dolor quis odio consequat varius. Integer ac leo.',	7190.86,	'2021-05-28 21:15:03+00',	'2022-01-30 22:55:25+00',	31,	NULL),
(173,	'en',	'In hac habitasse platea dictumst.',	'Morbi ut odio.',	7160.88,	'2021-10-05 05:50:41+00',	'2021-05-27 05:11:34+00',	29,	NULL),
(174,	'en',	'Vestibulum ante ipsum primis in faucibus orci luctus et ultrices posuere cubilia Curae; Nulla dapibus dolor vel est.',	'Nulla tempus. Vivamus in felis eu sapien cursus vestibulum.',	6824.5,	'2022-03-22 08:22:30+00',	'2021-09-22 19:40:39+00',	4,	NULL),
(175,	'en',	'Duis ac nibh.',	'Duis at velit eu est congue elementum. In hac habitasse platea dictumst. Morbi vestibulum, velit id pretium iaculis, diam erat fermentum justo, nec condimentum neque sapien placerat ante. Nulla justo. Aliquam quis turpis eget elit sodales scelerisque.',	6551.71,	'2021-05-05 15:25:18+00',	'2022-02-11 02:03:51+00',	27,	NULL),
(176,	'en',	'Morbi non lectus.',	'Vestibulum ante ipsum primis in faucibus orci luctus et ultrices posuere cubilia Curae; Donec pharetra, magna vestibulum aliquet ultrices, erat tortor sollicitudin mi, sit amet lobortis sapien sapien non mi. Integer ac neque. Duis bibendum. Morbi non quam nec dui luctus rutrum. Nulla tellus.',	4636.62,	'2022-03-29 14:30:35+00',	'2021-06-14 10:55:43+00',	12,	NULL),
(177,	'en',	'Nullam orci pede, venenatis non, sodales sed, tincidunt eu, felis.',	'Curabitur convallis. Duis consequat dui nec nisi volutpat eleifend.',	5289.43,	'2022-01-21 19:31:25+00',	'2022-02-16 05:10:40+00',	13,	NULL),
(178,	'en',	'In congue.',	'Curabitur in libero ut massa volutpat convallis. Morbi odio odio, elementum eu, interdum eu, tincidunt in, leo. Maecenas pulvinar lobortis est. Phasellus sit amet erat. Nulla tempus.',	6586.51,	'2021-10-24 00:24:35+00',	'2022-04-16 12:19:13+00',	11,	NULL),
(179,	'en',	'Vivamus in felis eu sapien cursus vestibulum.',	'Ut tellus. Nulla ut erat id mauris vulputate elementum. Nullam varius. Nulla facilisi.',	8651.53,	'2021-07-26 21:38:39+00',	'2022-03-01 11:49:05+00',	19,	NULL),
(180,	'en',	'Cras in purus eu magna vulputate luctus.',	'Nulla ut erat id mauris vulputate elementum. Nullam varius. Nulla facilisi. Cras non velit nec nisi vulputate nonummy. Maecenas tincidunt lacus at velit.',	5279.55,	'2021-11-12 05:55:59+00',	'2022-03-23 20:27:10+00',	2,	NULL),
(183,	'en',	'Cras non velit nec nisi vulputate nonummy.',	'Integer ac leo. Pellentesque ultrices mattis odio. Donec vitae nisi.',	6906.31,	'2021-06-02 02:23:38+00',	'2021-04-30 15:31:16+00',	36,	NULL),
(184,	'en',	'Suspendisse potenti.',	'Cum sociis natoque penatibus et magnis dis parturient montes, nascetur ridiculus mus.',	5306.04,	'2021-06-13 16:04:51+00',	'2021-11-05 14:19:49+00',	38,	NULL),
(185,	'en',	'Sed accumsan felis.',	'Aenean auctor gravida sem. Praesent id massa id nisl venenatis lacinia.',	8365.4,	'2021-05-08 11:32:30+00',	'2021-07-01 21:11:17+00',	35,	NULL),
(186,	'en',	'Cras mi pede, malesuada in, imperdiet et, commodo vulputate, justo.',	'Nulla ut erat id mauris vulputate elementum.',	1377.79,	'2021-05-18 12:18:11+00',	'2022-01-09 01:06:24+00',	14,	NULL),
(187,	'en',	'Donec ut dolor.',	'Donec diam neque, vestibulum eget, vulputate ut, ultrices vel, augue. Vestibulum ante ipsum primis in faucibus orci luctus et ultrices posuere cubilia Curae; Donec pharetra, magna vestibulum aliquet ultrices, erat tortor sollicitudin mi, sit amet lobortis sapien sapien non mi. Integer ac neque. Duis bibendum.',	5236.46,	'2022-02-12 03:21:31+00',	'2021-09-04 11:47:22+00',	21,	NULL),
(188,	'en',	'In hac habitasse platea dictumst.',	'Fusce posuere felis sed lacus. Morbi sem mauris, laoreet ut, rhoncus aliquet, pulvinar sed, nisl. Nunc rhoncus dui vel sem. Sed sagittis. Nam congue, risus semper porta volutpat, quam pede lobortis ligula, sit amet eleifend pede libero quis orci.',	1711.42,	'2021-10-30 10:35:08+00',	'2022-02-21 13:20:00+00',	28,	NULL),
(189,	'en',	'Aliquam sit amet diam in magna bibendum imperdiet.',	'Integer tincidunt ante vel ipsum. Praesent blandit lacinia erat. Vestibulum sed magna at nunc commodo placerat. Praesent blandit.',	8600.78,	'2021-06-15 15:03:07+00',	'2021-12-16 11:37:47+00',	18,	NULL),
(190,	'en',	'Suspendisse ornare consequat lectus.',	'In blandit ultrices enim. Lorem ipsum dolor sit amet, consectetuer adipiscing elit. Proin interdum mauris non ligula pellentesque ultrices.',	8764.39,	'2021-11-04 13:37:17+00',	'2021-10-27 10:36:15+00',	36,	NULL),
(191,	'en',	'Ut at dolor quis odio consequat varius.',	'Curabitur convallis.',	3766.41,	'2021-06-01 15:15:36+00',	'2021-05-26 00:41:13+00',	19,	NULL),
(192,	'en',	'Suspendisse ornare consequat lectus.',	'Morbi ut odio. Cras mi pede, malesuada in, imperdiet et, commodo vulputate, justo. In blandit ultrices enim.',	1107.21,	'2021-12-18 10:54:12+00',	'2021-06-04 23:57:21+00',	20,	NULL),
(193,	'en',	'Nulla tellus.',	'Aliquam quis turpis eget elit sodales scelerisque. Mauris sit amet eros. Suspendisse accumsan tortor quis turpis. Sed ante. Vivamus tortor.',	1170.96,	'2022-01-24 18:24:39+00',	'2022-03-27 14:45:21+00',	32,	NULL),
(194,	'en',	'Quisque id justo sit amet sapien dignissim vestibulum.',	'Pellentesque at nulla. Suspendisse potenti. Cras in purus eu magna vulputate luctus. Cum sociis natoque penatibus et magnis dis parturient montes, nascetur ridiculus mus.',	2682.89,	'2021-04-26 03:46:21+00',	'2021-06-05 20:29:43+00',	31,	NULL),
(195,	'en',	'Aenean auctor gravida sem.',	'Quisque porta volutpat erat. Quisque erat eros, viverra eget, congue eget, semper rutrum, nulla. Nunc purus. Phasellus in felis. Donec semper sapien a libero.',	430.18,	'2022-04-01 06:41:30+00',	'2022-02-28 19:27:27+00',	30,	'{"Voltage": 220, "ScreenSize": 32.4, "HasSubwoofer": "yes", "ScreenResolution": "1280x1920"}'),
(196,	'en',	'Suspendisse accumsan tortor quis turpis.',	'Nam congue, risus semper porta volutpat, quam pede lobortis ligula, sit amet eleifend pede libero quis orci. Nullam molestie nibh in lectus. Pellentesque at nulla. Suspendisse potenti. Cras in purus eu magna vulputate luctus.',	1567.2,	'2021-06-25 06:57:46+00',	'2021-08-29 04:05:27+00',	19,	NULL),
(197,	'en',	'In congue.',	'Aliquam quis turpis eget elit sodales scelerisque.',	9639.93,	'2021-06-14 01:15:57+00',	'2021-05-14 12:48:31+00',	38,	NULL),
(198,	'en',	'Mauris ullamcorper purus sit amet nulla.',	'Morbi ut odio. Cras mi pede, malesuada in, imperdiet et, commodo vulputate, justo. In blandit ultrices enim. Lorem ipsum dolor sit amet, consectetuer adipiscing elit.',	891.67,	'2022-03-02 22:47:04+00',	'2021-06-07 02:50:07+00',	21,	NULL),
(199,	'en',	'Proin interdum mauris non ligula pellentesque ultrices.',	'Fusce lacus purus, aliquet at, feugiat non, pretium quis, lectus. Suspendisse potenti.',	285.2,	'2021-06-08 12:58:22+00',	'2021-07-28 04:32:28+00',	13,	NULL),
(201,	'en',	'Integer pede justo, lacinia eget, tincidunt eget, tempus vel, pede.',	'Vestibulum ante ipsum primis in faucibus orci luctus et ultrices posuere cubilia Curae; Donec pharetra, magna vestibulum aliquet ultrices, erat tortor sollicitudin mi, sit amet lobortis sapien sapien non mi.',	9952.33,	'2021-08-28 00:23:56+00',	'2021-06-11 06:12:13+00',	18,	NULL),
(202,	'en',	'Donec vitae nisi.',	'In sagittis dui vel nisl.',	6261.41,	'2021-08-17 01:54:06+00',	'2022-03-18 07:03:04+00',	16,	NULL),
(203,	'en',	'Pellentesque ultrices mattis odio.',	'Curabitur gravida nisi at nibh. In hac habitasse platea dictumst. Aliquam augue quam, sollicitudin vitae, consectetuer eget, rutrum at, lorem.',	9383.01,	'2021-11-13 17:26:40+00',	'2021-10-30 00:09:59+00',	2,	NULL),
(204,	'en',	'Nullam molestie nibh in lectus.',	'Duis bibendum.',	5454.14,	'2022-03-14 18:00:05+00',	'2021-11-07 11:49:26+00',	8,	NULL),
(205,	'en',	'Morbi non lectus.',	'Maecenas pulvinar lobortis est. Phasellus sit amet erat.',	8343.56,	'2021-04-26 15:41:45+00',	'2021-06-19 17:52:22+00',	11,	NULL),
(206,	'en',	'Aenean sit amet justo.',	'Maecenas rhoncus aliquam lacus. Morbi quis tortor id nulla ultrices aliquet. Maecenas leo odio, condimentum id, luctus nec, molestie sed, justo. Pellentesque viverra pede ac diam. Cras pellentesque volutpat dui.',	265.14,	'2022-03-16 18:35:17+00',	'2021-12-09 11:52:04+00',	14,	NULL),
(207,	'en',	'Maecenas tincidunt lacus at velit.',	'Proin interdum mauris non ligula pellentesque ultrices. Phasellus id sapien in sapien iaculis congue. Vivamus metus arcu, adipiscing molestie, hendrerit at, vulputate vitae, nisl.',	4119.59,	'2021-12-16 10:34:41+00',	'2021-06-08 19:20:57+00',	27,	NULL),
(208,	'en',	'Quisque id justo sit amet sapien dignissim vestibulum.',	'Praesent id massa id nisl venenatis lacinia. Aenean sit amet justo. Morbi ut odio. Cras mi pede, malesuada in, imperdiet et, commodo vulputate, justo.',	8590.82,	'2021-10-21 13:54:45+00',	'2021-05-14 00:00:11+00',	27,	NULL),
(209,	'en',	'Vestibulum ac est lacinia nisi venenatis tristique.',	'Aliquam quis turpis eget elit sodales scelerisque. Mauris sit amet eros. Suspendisse accumsan tortor quis turpis.',	4107.93,	'2021-07-27 15:23:04+00',	'2022-03-06 09:03:44+00',	39,	NULL),
(210,	'en',	'Integer ac leo.',	'Duis bibendum. Morbi non quam nec dui luctus rutrum. Nulla tellus.',	2816.42,	'2021-12-07 13:21:17+00',	'2021-10-10 20:17:37+00',	2,	NULL),
(211,	'en',	'Suspendisse potenti.',	'Duis at velit eu est congue elementum.',	7176.51,	'2022-04-05 17:31:39+00',	'2021-06-26 09:42:32+00',	30,	'{"Voltage": 220, "ScreenSize": 12.9, "HasSubwoofer": "no", "ScreenResolution": "3840x2160"}'),
(212,	'en',	'Proin risus.',	'Etiam justo.',	4619.35,	'2021-04-28 15:31:03+00',	'2021-05-09 17:22:30+00',	16,	NULL),
(213,	'en',	'Aenean sit amet justo.',	'Praesent blandit lacinia erat. Vestibulum sed magna at nunc commodo placerat. Praesent blandit. Nam nulla.',	9734.27,	'2021-07-27 21:49:07+00',	'2022-04-22 03:18:51+00',	12,	NULL),
(214,	'en',	'Praesent blandit lacinia erat.',	'Nunc purus. Phasellus in felis. Donec semper sapien a libero.',	7031.46,	'2021-12-30 00:08:30+00',	'2022-03-19 20:49:18+00',	6,	NULL),
(215,	'en',	'Maecenas leo odio, condimentum id, luctus nec, molestie sed, justo.',	'Morbi quis tortor id nulla ultrices aliquet. Maecenas leo odio, condimentum id, luctus nec, molestie sed, justo.',	4435.71,	'2021-11-13 12:39:36+00',	'2021-05-17 17:37:40+00',	10,	NULL),
(216,	'en',	'Proin interdum mauris non ligula pellentesque ultrices.',	'Nam ultrices, libero non mattis pulvinar, nulla pede ullamcorper augue, a suscipit nulla elit ac nulla. Sed vel enim sit amet nunc viverra dapibus. Nulla suscipit ligula in lacus.',	7743.93,	'2021-10-08 09:59:59+00',	'2021-07-31 07:53:07+00',	2,	NULL),
(217,	'en',	'Aliquam erat volutpat.',	'Donec vitae nisi. Nam ultrices, libero non mattis pulvinar, nulla pede ullamcorper augue, a suscipit nulla elit ac nulla. Sed vel enim sit amet nunc viverra dapibus. Nulla suscipit ligula in lacus.',	5576.46,	'2021-06-15 06:47:11+00',	'2021-12-18 05:18:17+00',	35,	NULL),
(218,	'en',	'Mauris sit amet eros.',	'Fusce lacus purus, aliquet at, feugiat non, pretium quis, lectus. Suspendisse potenti.',	1879.88,	'2021-11-17 01:58:36+00',	'2022-01-04 21:33:04+00',	29,	NULL),
(219,	'en',	'Vestibulum ante ipsum primis in faucibus orci luctus et ultrices posuere cubilia Curae; Nulla dapibus dolor vel est.',	'Vestibulum sed magna at nunc commodo placerat. Praesent blandit. Nam nulla.',	3515.1,	'2021-10-28 10:32:14+00',	'2021-10-01 05:00:38+00',	10,	NULL),
(220,	'en',	'Quisque id justo sit amet sapien dignissim vestibulum.',	'Donec dapibus. Duis at velit eu est congue elementum. In hac habitasse platea dictumst.',	5831.24,	'2021-10-29 07:36:44+00',	'2022-03-20 09:14:18+00',	33,	NULL),
(221,	'en',	'Aenean lectus.',	'In tempor, turpis nec euismod scelerisque, quam turpis adipiscing lorem, vitae mattis nibh ligula nec sem. Duis aliquam convallis nunc. Proin at turpis a pede posuere nonummy. Integer non velit.',	1631.11,	'2021-12-07 23:57:27+00',	'2022-04-13 09:50:12+00',	31,	NULL),
(222,	'en',	'Fusce lacus purus, aliquet at, feugiat non, pretium quis, lectus.',	'Mauris enim leo, rhoncus sed, vestibulum sit amet, cursus id, turpis. Integer aliquet, massa id lobortis convallis, tortor risus dapibus augue, vel accumsan tellus nisi eu orci. Mauris lacinia sapien quis libero.',	8169.94,	'2021-11-13 19:33:27+00',	'2021-09-08 00:05:37+00',	10,	NULL),
(223,	'en',	'Aenean sit amet justo.',	'Cras non velit nec nisi vulputate nonummy.',	2463.93,	'2022-04-02 16:21:48+00',	'2022-01-24 22:05:23+00',	6,	NULL),
(224,	'en',	'Vestibulum sed magna at nunc commodo placerat.',	'Curabitur at ipsum ac tellus semper interdum. Mauris ullamcorper purus sit amet nulla.',	2581.05,	'2021-07-31 17:48:00+00',	'2021-07-15 18:27:07+00',	37,	NULL),
(225,	'en',	'Vivamus vestibulum sagittis sapien.',	'Vivamus in felis eu sapien cursus vestibulum.',	4630.45,	'2022-02-14 11:30:09+00',	'2022-04-04 20:45:25+00',	27,	NULL),
(226,	'en',	'Maecenas pulvinar lobortis est.',	'Cras in purus eu magna vulputate luctus. Cum sociis natoque penatibus et magnis dis parturient montes, nascetur ridiculus mus. Vivamus vestibulum sagittis sapien. Cum sociis natoque penatibus et magnis dis parturient montes, nascetur ridiculus mus.',	9869.92,	'2021-11-13 10:26:20+00',	'2021-10-11 00:07:27+00',	30,	NULL),
(227,	'en',	'Etiam justo.',	'Suspendisse potenti. Cras in purus eu magna vulputate luctus. Cum sociis natoque penatibus et magnis dis parturient montes, nascetur ridiculus mus. Vivamus vestibulum sagittis sapien. Cum sociis natoque penatibus et magnis dis parturient montes, nascetur ridiculus mus.',	4765.86,	'2022-01-09 09:50:47+00',	'2021-07-10 23:53:34+00',	11,	NULL),
(228,	'en',	'Integer ac leo.',	'Morbi a ipsum. Integer a nibh. In quis justo. Maecenas rhoncus aliquam lacus. Morbi quis tortor id nulla ultrices aliquet.',	6621.61,	'2021-10-12 19:07:58+00',	'2021-09-06 10:33:15+00',	29,	NULL),
(229,	'en',	'Nam tristique tortor eu pede.',	'Integer pede justo, lacinia eget, tincidunt eget, tempus vel, pede. Morbi porttitor lorem id ligula.',	1514.75,	'2021-06-04 13:45:40+00',	'2021-05-09 16:14:25+00',	5,	NULL),
(230,	'en',	'Nulla ac enim.',	'Aliquam augue quam, sollicitudin vitae, consectetuer eget, rutrum at, lorem. Integer tincidunt ante vel ipsum.',	4461.35,	'2021-09-07 04:58:38+00',	'2022-01-05 19:44:30+00',	33,	NULL),
(231,	'en',	'Proin interdum mauris non ligula pellentesque ultrices.',	'Donec ut mauris eget massa tempor convallis. Nulla neque libero, convallis eget, eleifend luctus, ultricies eu, nibh.',	2843.02,	'2022-04-05 04:49:05+00',	'2021-11-26 18:03:22+00',	21,	NULL),
(232,	'en',	'In eleifend quam a odio.',	'Cras pellentesque volutpat dui. Maecenas tristique, est et tempus semper, est quam pharetra magna, ac consequat metus sapien ut nunc.',	4922.46,	'2022-01-13 07:40:05+00',	'2022-01-18 16:06:39+00',	12,	NULL),
(233,	'en',	'Maecenas leo odio, condimentum id, luctus nec, molestie sed, justo.',	'Cras mi pede, malesuada in, imperdiet et, commodo vulputate, justo. In blandit ultrices enim.',	4541.16,	'2022-04-23 06:47:27+00',	'2022-02-24 10:24:46+00',	36,	NULL),
(234,	'en',	'Suspendisse potenti.',	'Duis ac nibh. Fusce lacus purus, aliquet at, feugiat non, pretium quis, lectus. Suspendisse potenti.',	7058.5,	'2021-10-27 06:38:58+00',	'2021-09-06 02:44:36+00',	39,	NULL),
(235,	'en',	'Integer non velit.',	'Curabitur at ipsum ac tellus semper interdum. Mauris ullamcorper purus sit amet nulla. Quisque arcu libero, rutrum ac, lobortis vel, dapibus at, diam. Nam tristique tortor eu pede.',	3019.57,	'2021-08-12 16:40:04+00',	'2022-02-06 20:13:11+00',	1,	NULL),
(236,	'en',	'Fusce lacus purus, aliquet at, feugiat non, pretium quis, lectus.',	'Integer ac leo. Pellentesque ultrices mattis odio. Donec vitae nisi. Nam ultrices, libero non mattis pulvinar, nulla pede ullamcorper augue, a suscipit nulla elit ac nulla. Sed vel enim sit amet nunc viverra dapibus.',	728.34,	'2021-06-30 11:42:08+00',	'2021-08-12 10:52:34+00',	21,	NULL),
(237,	'en',	'Donec quis orci eget orci vehicula condimentum.',	'Vestibulum ante ipsum primis in faucibus orci luctus et ultrices posuere cubilia Curae; Donec pharetra, magna vestibulum aliquet ultrices, erat tortor sollicitudin mi, sit amet lobortis sapien sapien non mi. Integer ac neque. Duis bibendum.',	7811.5,	'2021-06-14 21:32:00+00',	'2021-05-31 15:57:15+00',	1,	NULL),
(238,	'en',	'In est risus, auctor sed, tristique in, tempus sit amet, sem.',	'Donec vitae nisi. Nam ultrices, libero non mattis pulvinar, nulla pede ullamcorper augue, a suscipit nulla elit ac nulla. Sed vel enim sit amet nunc viverra dapibus. Nulla suscipit ligula in lacus. Curabitur at ipsum ac tellus semper interdum.',	4271.85,	'2021-11-02 19:06:07+00',	'2021-07-11 22:18:31+00',	28,	NULL),
(240,	'en',	'Donec ut dolor.',	'Maecenas leo odio, condimentum id, luctus nec, molestie sed, justo.',	9661.96,	'2021-06-29 11:59:56+00',	'2021-09-02 10:05:57+00',	4,	NULL),
(242,	'en',	'Maecenas rhoncus aliquam lacus.',	'Nunc rhoncus dui vel sem. Sed sagittis. Nam congue, risus semper porta volutpat, quam pede lobortis ligula, sit amet eleifend pede libero quis orci. Nullam molestie nibh in lectus.',	4401.28,	'2021-09-09 14:27:50+00',	'2021-06-19 08:54:36+00',	25,	NULL),
(243,	'en',	'Nullam molestie nibh in lectus.',	'Suspendisse accumsan tortor quis turpis. Sed ante. Vivamus tortor. Duis mattis egestas metus.',	1924.09,	'2022-04-21 16:32:05+00',	'2021-07-24 11:30:18+00',	2,	NULL),
(244,	'en',	'Donec vitae nisi.',	'Aenean fermentum. Donec ut mauris eget massa tempor convallis. Nulla neque libero, convallis eget, eleifend luctus, ultricies eu, nibh. Quisque id justo sit amet sapien dignissim vestibulum. Vestibulum ante ipsum primis in faucibus orci luctus et ultrices posuere cubilia Curae; Nulla dapibus dolor vel est.',	4290.61,	'2021-08-09 12:00:57+00',	'2022-02-08 11:50:30+00',	2,	NULL),
(246,	'en',	'Donec semper sapien a libero.',	'Nulla ut erat id mauris vulputate elementum.',	755.3,	'2021-10-03 01:30:39+00',	'2021-05-10 16:46:03+00',	20,	NULL),
(247,	'en',	'Vivamus in felis eu sapien cursus vestibulum.',	'Nulla nisl. Nunc nisl. Duis bibendum, felis sed interdum venenatis, turpis enim blandit mi, in porttitor pede justo eu massa. Donec dapibus. Duis at velit eu est congue elementum.',	1714.43,	'2021-08-30 19:00:50+00',	'2021-11-04 14:31:16+00',	12,	NULL),
(248,	'en',	'Donec diam neque, vestibulum eget, vulputate ut, ultrices vel, augue.',	'Donec dapibus. Duis at velit eu est congue elementum. In hac habitasse platea dictumst. Morbi vestibulum, velit id pretium iaculis, diam erat fermentum justo, nec condimentum neque sapien placerat ante. Nulla justo.',	2983.22,	'2022-01-18 11:30:58+00',	'2021-06-18 21:30:42+00',	13,	NULL),
(249,	'en',	'Aliquam erat volutpat.',	'Proin leo odio, porttitor id, consequat in, consequat ut, nulla. Sed accumsan felis. Ut at dolor quis odio consequat varius. Integer ac leo. Pellentesque ultrices mattis odio.',	998.31,	'2021-11-14 17:05:00+00',	'2022-02-20 19:51:47+00',	39,	NULL),
(250,	'en',	'Donec posuere metus vitae ipsum.',	'Mauris lacinia sapien quis libero. Nullam sit amet turpis elementum ligula vehicula consequat.',	2633.04,	'2021-10-29 08:23:19+00',	'2022-03-13 08:28:44+00',	7,	NULL),
(251,	'en',	'Aliquam augue quam, sollicitudin vitae, consectetuer eget, rutrum at, lorem.',	'Cum sociis natoque penatibus et magnis dis parturient montes, nascetur ridiculus mus.',	9215.23,	'2022-03-23 10:51:17+00',	'2021-09-19 14:34:29+00',	19,	NULL),
(252,	'en',	'Morbi ut odio.',	'Integer pede justo, lacinia eget, tincidunt eget, tempus vel, pede. Morbi porttitor lorem id ligula.',	4701.51,	'2021-10-04 02:16:28+00',	'2021-11-05 12:47:07+00',	13,	NULL),
(253,	'en',	'Etiam faucibus cursus urna.',	'Quisque erat eros, viverra eget, congue eget, semper rutrum, nulla. Nunc purus. Phasellus in felis. Donec semper sapien a libero.',	5733.54,	'2021-05-01 17:49:36+00',	'2022-04-23 00:06:32+00',	5,	NULL),
(254,	'en',	'Suspendisse accumsan tortor quis turpis.',	'Integer non velit. Donec diam neque, vestibulum eget, vulputate ut, ultrices vel, augue. Vestibulum ante ipsum primis in faucibus orci luctus et ultrices posuere cubilia Curae; Donec pharetra, magna vestibulum aliquet ultrices, erat tortor sollicitudin mi, sit amet lobortis sapien sapien non mi. Integer ac neque. Duis bibendum.',	5007.66,	'2021-09-13 01:35:17+00',	'2021-11-25 09:22:53+00',	28,	NULL),
(255,	'en',	'Nulla justo.',	'Sed accumsan felis. Ut at dolor quis odio consequat varius. Integer ac leo. Pellentesque ultrices mattis odio.',	9700.46,	'2021-06-18 03:08:12+00',	'2021-12-28 00:44:23+00',	39,	NULL),
(256,	'en',	'Curabitur at ipsum ac tellus semper interdum.',	'Fusce posuere felis sed lacus. Morbi sem mauris, laoreet ut, rhoncus aliquet, pulvinar sed, nisl. Nunc rhoncus dui vel sem.',	9346.09,	'2022-02-10 09:24:56+00',	'2021-08-24 08:36:32+00',	2,	NULL),
(462,	'en',	'Ut tellus.',	'Mauris sit amet eros. Suspendisse accumsan tortor quis turpis.',	2946.4,	'2022-01-03 11:37:06+00',	'2021-12-17 23:16:49+00',	14,	NULL),
(257,	'en',	'Aliquam sit amet diam in magna bibendum imperdiet.',	'Vestibulum ante ipsum primis in faucibus orci luctus et ultrices posuere cubilia Curae; Nulla dapibus dolor vel est. Donec odio justo, sollicitudin ut, suscipit a, feugiat et, eros.',	7430.94,	'2021-05-18 06:47:12+00',	'2021-10-03 20:58:19+00',	5,	NULL),
(258,	'en',	'Morbi ut odio.',	'Maecenas leo odio, condimentum id, luctus nec, molestie sed, justo. Pellentesque viverra pede ac diam. Cras pellentesque volutpat dui.',	2923.11,	'2021-11-09 12:09:11+00',	'2021-10-25 01:53:32+00',	11,	NULL),
(259,	'en',	'Phasellus id sapien in sapien iaculis congue.',	'Proin risus. Praesent lectus. Vestibulum quam sapien, varius ut, blandit non, interdum in, ante.',	3479.05,	'2021-08-22 21:09:38+00',	'2022-02-04 07:07:48+00',	28,	NULL),
(262,	'en',	'Ut tellus.',	'Nulla facilisi.',	9656.2,	'2021-07-25 00:20:01+00',	'2021-10-01 09:06:11+00',	16,	NULL),
(263,	'en',	'Praesent blandit lacinia erat.',	'Etiam vel augue. Vestibulum rutrum rutrum neque. Aenean auctor gravida sem. Praesent id massa id nisl venenatis lacinia. Aenean sit amet justo.',	659.08,	'2022-02-17 16:13:05+00',	'2021-09-20 22:24:35+00',	34,	NULL),
(264,	'en',	'Suspendisse ornare consequat lectus.',	'Cras pellentesque volutpat dui. Maecenas tristique, est et tempus semper, est quam pharetra magna, ac consequat metus sapien ut nunc. Vestibulum ante ipsum primis in faucibus orci luctus et ultrices posuere cubilia Curae; Mauris viverra diam vitae quam. Suspendisse potenti.',	6183.61,	'2021-12-09 16:56:25+00',	'2021-10-16 00:50:31+00',	38,	NULL),
(266,	'en',	'Nam dui.',	'Integer ac leo. Pellentesque ultrices mattis odio. Donec vitae nisi. Nam ultrices, libero non mattis pulvinar, nulla pede ullamcorper augue, a suscipit nulla elit ac nulla.',	3872.08,	'2021-12-12 04:52:31+00',	'2021-12-30 14:02:26+00',	17,	NULL),
(267,	'en',	'Proin at turpis a pede posuere nonummy.',	'Donec quis orci eget orci vehicula condimentum. Curabitur in libero ut massa volutpat convallis. Morbi odio odio, elementum eu, interdum eu, tincidunt in, leo. Maecenas pulvinar lobortis est.',	8169.14,	'2021-08-23 09:17:36+00',	'2021-11-16 08:44:57+00',	37,	NULL),
(268,	'en',	'Phasellus in felis.',	'Morbi non lectus.',	9263.15,	'2021-07-25 13:33:57+00',	'2021-09-06 10:27:07+00',	20,	NULL),
(269,	'en',	'Suspendisse ornare consequat lectus.',	'Vestibulum quam sapien, varius ut, blandit non, interdum in, ante. Vestibulum ante ipsum primis in faucibus orci luctus et ultrices posuere cubilia Curae; Duis faucibus accumsan odio. Curabitur convallis.',	2046.85,	'2021-11-06 18:58:12+00',	'2022-01-20 13:43:16+00',	12,	NULL),
(270,	'en',	'Integer ac neque.',	'In sagittis dui vel nisl. Duis ac nibh. Fusce lacus purus, aliquet at, feugiat non, pretium quis, lectus. Suspendisse potenti.',	9966.82,	'2021-09-17 20:20:55+00',	'2021-04-30 02:56:25+00',	28,	NULL),
(272,	'en',	'In hac habitasse platea dictumst.',	'Nulla suscipit ligula in lacus. Curabitur at ipsum ac tellus semper interdum. Mauris ullamcorper purus sit amet nulla.',	8437.32,	'2021-07-11 23:03:21+00',	'2021-05-19 10:55:07+00',	39,	NULL),
(273,	'en',	'Vivamus tortor.',	'Integer ac leo. Pellentesque ultrices mattis odio. Donec vitae nisi.',	3414.35,	'2021-05-18 13:40:48+00',	'2021-09-28 12:26:01+00',	18,	NULL),
(274,	'en',	'Duis aliquam convallis nunc.',	'Nullam porttitor lacus at turpis.',	5874.01,	'2021-07-08 07:53:39+00',	'2021-07-06 13:29:21+00',	34,	NULL),
(275,	'en',	'Pellentesque viverra pede ac diam.',	'Aliquam quis turpis eget elit sodales scelerisque.',	9817.85,	'2022-01-30 20:36:42+00',	'2021-06-10 21:29:34+00',	31,	NULL),
(276,	'en',	'Maecenas tincidunt lacus at velit.',	'In eleifend quam a odio. In hac habitasse platea dictumst. Maecenas ut massa quis augue luctus tincidunt. Nulla mollis molestie lorem. Quisque ut erat.',	9992.78,	'2022-04-25 18:22:26+00',	'2022-04-23 06:16:12+00',	4,	NULL),
(277,	'en',	'Curabitur at ipsum ac tellus semper interdum.',	'Cras in purus eu magna vulputate luctus.',	3709.57,	'2022-04-07 03:00:10+00',	'2022-02-15 05:14:52+00',	27,	NULL),
(278,	'en',	'Nam dui.',	'Nullam orci pede, venenatis non, sodales sed, tincidunt eu, felis. Fusce posuere felis sed lacus.',	2420.73,	'2021-09-24 09:16:10+00',	'2022-03-05 09:55:16+00',	12,	NULL),
(279,	'en',	'Donec odio justo, sollicitudin ut, suscipit a, feugiat et, eros.',	'Etiam justo.',	3076.43,	'2022-01-21 09:48:44+00',	'2021-12-15 13:16:15+00',	37,	NULL),
(280,	'en',	'Nulla facilisi.',	'Aliquam quis turpis eget elit sodales scelerisque. Mauris sit amet eros.',	2543.42,	'2021-12-26 18:29:55+00',	'2021-12-17 12:13:38+00',	21,	NULL),
(281,	'en',	'Nullam porttitor lacus at turpis.',	'Vestibulum sed magna at nunc commodo placerat. Praesent blandit.',	9615.79,	'2021-09-04 11:07:35+00',	'2022-02-19 08:54:52+00',	6,	NULL),
(282,	'en',	'Proin risus.',	'Mauris lacinia sapien quis libero. Nullam sit amet turpis elementum ligula vehicula consequat. Morbi a ipsum. Integer a nibh.',	149.8,	'2021-10-05 16:34:13+00',	'2021-06-20 21:16:45+00',	30,	NULL),
(283,	'en',	'Duis ac nibh.',	'Morbi non quam nec dui luctus rutrum. Nulla tellus. In sagittis dui vel nisl.',	893.05,	'2021-07-12 05:06:07+00',	'2021-07-18 20:42:16+00',	31,	NULL),
(284,	'en',	'Duis aliquam convallis nunc.',	'Duis mattis egestas metus. Aenean fermentum. Donec ut mauris eget massa tempor convallis.',	1064.55,	'2021-06-02 04:57:16+00',	'2021-08-13 21:36:48+00',	10,	NULL),
(286,	'en',	'Fusce posuere felis sed lacus.',	'Nullam molestie nibh in lectus.',	4275.95,	'2021-12-16 16:07:09+00',	'2022-02-06 13:49:28+00',	13,	NULL),
(287,	'en',	'Vivamus vestibulum sagittis sapien.',	'Proin leo odio, porttitor id, consequat in, consequat ut, nulla. Sed accumsan felis. Ut at dolor quis odio consequat varius.',	4526.14,	'2021-12-05 04:49:03+00',	'2021-12-29 00:32:43+00',	20,	NULL),
(288,	'en',	'Aenean auctor gravida sem.',	'Proin leo odio, porttitor id, consequat in, consequat ut, nulla.',	4277.26,	'2022-03-28 00:04:36+00',	'2021-12-04 23:22:30+00',	13,	NULL),
(291,	'en',	'Maecenas tincidunt lacus at velit.',	'Cum sociis natoque penatibus et magnis dis parturient montes, nascetur ridiculus mus. Etiam vel augue.',	3736.71,	'2022-03-15 08:32:51+00',	'2021-05-25 09:54:41+00',	34,	NULL),
(292,	'en',	'Fusce congue, diam id ornare imperdiet, sapien urna pretium nisl, ut volutpat sapien arcu sed augue.',	'Nam ultrices, libero non mattis pulvinar, nulla pede ullamcorper augue, a suscipit nulla elit ac nulla. Sed vel enim sit amet nunc viverra dapibus.',	6794.36,	'2021-05-14 19:12:52+00',	'2021-09-02 08:37:16+00',	33,	NULL),
(294,	'en',	'Quisque id justo sit amet sapien dignissim vestibulum.',	'Integer a nibh. In quis justo. Maecenas rhoncus aliquam lacus. Morbi quis tortor id nulla ultrices aliquet. Maecenas leo odio, condimentum id, luctus nec, molestie sed, justo.',	5554.64,	'2022-03-08 02:06:18+00',	'2022-03-16 07:04:35+00',	32,	NULL),
(295,	'en',	'In sagittis dui vel nisl.',	'Pellentesque eget nunc. Donec quis orci eget orci vehicula condimentum. Curabitur in libero ut massa volutpat convallis.',	538.85,	'2021-04-29 00:56:35+00',	'2021-09-12 12:25:48+00',	39,	NULL),
(296,	'en',	'Morbi non quam nec dui luctus rutrum.',	'Pellentesque eget nunc. Donec quis orci eget orci vehicula condimentum.',	198.46,	'2022-03-04 08:51:32+00',	'2021-07-02 00:29:11+00',	38,	NULL),
(297,	'en',	'Donec ut mauris eget massa tempor convallis.',	'Praesent blandit lacinia erat. Vestibulum sed magna at nunc commodo placerat. Praesent blandit. Nam nulla.',	853.16,	'2021-12-16 12:12:35+00',	'2021-05-03 06:54:14+00',	22,	NULL),
(298,	'en',	'Fusce posuere felis sed lacus.',	'Morbi ut odio. Cras mi pede, malesuada in, imperdiet et, commodo vulputate, justo. In blandit ultrices enim. Lorem ipsum dolor sit amet, consectetuer adipiscing elit.',	7434.17,	'2021-12-02 18:28:35+00',	'2021-08-28 04:55:35+00',	2,	NULL),
(299,	'en',	'Duis aliquam convallis nunc.',	'Nulla tellus. In sagittis dui vel nisl. Duis ac nibh. Fusce lacus purus, aliquet at, feugiat non, pretium quis, lectus. Suspendisse potenti.',	5515.34,	'2022-04-20 12:19:35+00',	'2022-02-15 16:39:43+00',	7,	NULL),
(300,	'en',	'Donec dapibus.',	'In eleifend quam a odio. In hac habitasse platea dictumst. Maecenas ut massa quis augue luctus tincidunt.',	7906.85,	'2021-11-28 23:15:37+00',	'2021-07-02 11:49:39+00',	6,	NULL),
(301,	'en',	'Quisque id justo sit amet sapien dignissim vestibulum.',	'Vestibulum sed magna at nunc commodo placerat. Praesent blandit. Nam nulla. Integer pede justo, lacinia eget, tincidunt eget, tempus vel, pede.',	2971.27,	'2021-05-24 21:34:31+00',	'2021-06-24 16:26:59+00',	7,	NULL),
(302,	'en',	'Fusce congue, diam id ornare imperdiet, sapien urna pretium nisl, ut volutpat sapien arcu sed augue.',	'Cum sociis natoque penatibus et magnis dis parturient montes, nascetur ridiculus mus. Vivamus vestibulum sagittis sapien.',	7003.35,	'2021-09-07 18:54:41+00',	'2022-02-28 10:44:24+00',	38,	NULL),
(303,	'en',	'Nulla mollis molestie lorem.',	'Duis consequat dui nec nisi volutpat eleifend. Donec ut dolor. Morbi vel lectus in quam fringilla rhoncus. Mauris enim leo, rhoncus sed, vestibulum sit amet, cursus id, turpis.',	2701.31,	'2021-12-23 01:20:18+00',	'2021-09-26 11:43:26+00',	5,	NULL),
(304,	'en',	'Nulla justo.',	'Proin at turpis a pede posuere nonummy. Integer non velit. Donec diam neque, vestibulum eget, vulputate ut, ultrices vel, augue.',	3156,	'2022-01-23 22:50:27+00',	'2022-02-10 06:26:46+00',	32,	NULL),
(305,	'en',	'Maecenas tristique, est et tempus semper, est quam pharetra magna, ac consequat metus sapien ut nunc.',	'In congue. Etiam justo. Etiam pretium iaculis justo. In hac habitasse platea dictumst.',	5678.45,	'2021-06-13 07:23:40+00',	'2021-05-04 02:18:50+00',	12,	NULL),
(306,	'en',	'Nulla neque libero, convallis eget, eleifend luctus, ultricies eu, nibh.',	'Phasellus in felis. Donec semper sapien a libero.',	1174.1,	'2022-03-08 05:08:29+00',	'2021-07-08 09:02:34+00',	12,	NULL),
(308,	'en',	'Nulla suscipit ligula in lacus.',	'Morbi vestibulum, velit id pretium iaculis, diam erat fermentum justo, nec condimentum neque sapien placerat ante. Nulla justo. Aliquam quis turpis eget elit sodales scelerisque. Mauris sit amet eros. Suspendisse accumsan tortor quis turpis.',	7830.14,	'2021-12-19 21:19:18+00',	'2021-08-10 04:21:02+00',	35,	NULL),
(309,	'en',	'Nam tristique tortor eu pede.',	'Sed ante. Vivamus tortor. Duis mattis egestas metus. Aenean fermentum.',	1401.82,	'2021-11-08 07:24:08+00',	'2021-06-29 10:47:41+00',	38,	NULL),
(311,	'en',	'Suspendisse ornare consequat lectus.',	'Aliquam quis turpis eget elit sodales scelerisque.',	4563.22,	'2021-11-19 23:52:03+00',	'2021-08-16 07:40:09+00',	8,	NULL),
(312,	'en',	'Nullam sit amet turpis elementum ligula vehicula consequat.',	'Nulla ac enim. In tempor, turpis nec euismod scelerisque, quam turpis adipiscing lorem, vitae mattis nibh ligula nec sem.',	7779.1,	'2021-08-07 19:06:53+00',	'2021-07-14 07:32:49+00',	17,	NULL),
(313,	'en',	'Maecenas rhoncus aliquam lacus.',	'Vivamus metus arcu, adipiscing molestie, hendrerit at, vulputate vitae, nisl. Aenean lectus.',	3055.27,	'2022-03-27 06:17:13+00',	'2022-01-27 07:21:23+00',	38,	NULL),
(314,	'en',	'In hac habitasse platea dictumst.',	'Sed ante. Vivamus tortor. Duis mattis egestas metus.',	6836.53,	'2022-03-04 10:48:21+00',	'2021-07-30 18:53:17+00',	34,	NULL),
(315,	'en',	'Aenean fermentum.',	'In hac habitasse platea dictumst. Maecenas ut massa quis augue luctus tincidunt. Nulla mollis molestie lorem.',	5315.88,	'2021-12-30 14:10:08+00',	'2021-05-02 11:16:27+00',	33,	NULL),
(316,	'en',	'Vivamus tortor.',	'Morbi vel lectus in quam fringilla rhoncus. Mauris enim leo, rhoncus sed, vestibulum sit amet, cursus id, turpis. Integer aliquet, massa id lobortis convallis, tortor risus dapibus augue, vel accumsan tellus nisi eu orci. Mauris lacinia sapien quis libero. Nullam sit amet turpis elementum ligula vehicula consequat.',	6254.94,	'2021-10-19 03:36:25+00',	'2021-07-18 16:32:03+00',	28,	NULL),
(317,	'en',	'Integer ac leo.',	'Cras mi pede, malesuada in, imperdiet et, commodo vulputate, justo. In blandit ultrices enim. Lorem ipsum dolor sit amet, consectetuer adipiscing elit.',	7349.25,	'2022-03-07 07:28:52+00',	'2022-03-25 23:30:13+00',	38,	NULL),
(318,	'en',	'Pellentesque eget nunc.',	'Vivamus tortor.',	4827.21,	'2021-06-16 23:50:10+00',	'2021-08-22 17:13:30+00',	32,	NULL),
(319,	'en',	'Mauris ullamcorper purus sit amet nulla.',	'Nulla facilisi. Cras non velit nec nisi vulputate nonummy. Maecenas tincidunt lacus at velit. Vivamus vel nulla eget eros elementum pellentesque. Quisque porta volutpat erat.',	1200.8,	'2022-02-19 13:03:04+00',	'2021-10-28 11:25:24+00',	11,	NULL),
(320,	'en',	'Nulla mollis molestie lorem.',	'Integer pede justo, lacinia eget, tincidunt eget, tempus vel, pede. Morbi porttitor lorem id ligula. Suspendisse ornare consequat lectus. In est risus, auctor sed, tristique in, tempus sit amet, sem.',	550.92,	'2021-06-03 05:08:00+00',	'2021-06-06 23:25:34+00',	19,	NULL),
(321,	'en',	'Duis consequat dui nec nisi volutpat eleifend.',	'Sed ante.',	794.45,	'2021-07-25 18:02:29+00',	'2022-01-20 19:55:33+00',	2,	NULL),
(322,	'en',	'Donec ut mauris eget massa tempor convallis.',	'Nunc purus.',	7883.8,	'2021-08-03 22:57:59+00',	'2021-06-03 07:10:00+00',	37,	NULL),
(323,	'en',	'Vestibulum quam sapien, varius ut, blandit non, interdum in, ante.',	'Nullam varius. Nulla facilisi. Cras non velit nec nisi vulputate nonummy. Maecenas tincidunt lacus at velit.',	6338.32,	'2021-11-05 03:56:20+00',	'2021-06-30 10:33:00+00',	28,	NULL),
(324,	'en',	'In eleifend quam a odio.',	'Aliquam augue quam, sollicitudin vitae, consectetuer eget, rutrum at, lorem. Integer tincidunt ante vel ipsum. Praesent blandit lacinia erat. Vestibulum sed magna at nunc commodo placerat. Praesent blandit.',	8208.82,	'2021-06-29 02:10:44+00',	'2021-05-12 09:55:14+00',	3,	NULL),
(325,	'en',	'Cum sociis natoque penatibus et magnis dis parturient montes, nascetur ridiculus mus.',	'Praesent lectus. Vestibulum quam sapien, varius ut, blandit non, interdum in, ante.',	6838.95,	'2021-06-15 02:28:08+00',	'2021-07-09 23:33:45+00',	13,	NULL),
(326,	'en',	'Duis bibendum.',	'Vestibulum sed magna at nunc commodo placerat. Praesent blandit. Nam nulla.',	1533.57,	'2021-09-25 08:13:20+00',	'2021-12-29 05:33:41+00',	31,	NULL),
(327,	'en',	'Praesent id massa id nisl venenatis lacinia.',	'Duis bibendum. Morbi non quam nec dui luctus rutrum. Nulla tellus.',	2066.75,	'2022-02-24 05:05:17+00',	'2021-05-28 00:10:13+00',	10,	NULL),
(328,	'en',	'Mauris enim leo, rhoncus sed, vestibulum sit amet, cursus id, turpis.',	'Duis aliquam convallis nunc.',	1479.91,	'2022-01-06 22:38:15+00',	'2021-07-15 20:06:28+00',	7,	NULL),
(329,	'en',	'Etiam pretium iaculis justo.',	'Integer non velit. Donec diam neque, vestibulum eget, vulputate ut, ultrices vel, augue. Vestibulum ante ipsum primis in faucibus orci luctus et ultrices posuere cubilia Curae; Donec pharetra, magna vestibulum aliquet ultrices, erat tortor sollicitudin mi, sit amet lobortis sapien sapien non mi.',	4110.64,	'2021-07-26 03:01:42+00',	'2021-06-02 01:18:20+00',	12,	NULL),
(330,	'en',	'Nam dui.',	'Praesent id massa id nisl venenatis lacinia.',	6612.57,	'2021-11-29 23:33:51+00',	'2022-01-16 19:50:15+00',	19,	NULL),
(331,	'en',	'Cras non velit nec nisi vulputate nonummy.',	'Vestibulum rutrum rutrum neque. Aenean auctor gravida sem. Praesent id massa id nisl venenatis lacinia. Aenean sit amet justo.',	7872.59,	'2022-03-31 12:15:06+00',	'2021-10-30 18:30:44+00',	4,	NULL),
(332,	'en',	'Aliquam erat volutpat.',	'In hac habitasse platea dictumst. Morbi vestibulum, velit id pretium iaculis, diam erat fermentum justo, nec condimentum neque sapien placerat ante. Nulla justo. Aliquam quis turpis eget elit sodales scelerisque.',	6807.08,	'2021-05-05 20:20:08+00',	'2021-07-21 22:14:39+00',	8,	NULL),
(333,	'en',	'Fusce consequat.',	'Maecenas rhoncus aliquam lacus. Morbi quis tortor id nulla ultrices aliquet. Maecenas leo odio, condimentum id, luctus nec, molestie sed, justo. Pellentesque viverra pede ac diam.',	2788.9,	'2021-09-18 04:44:55+00',	'2021-10-01 13:45:58+00',	3,	NULL),
(334,	'en',	'Morbi porttitor lorem id ligula.',	'Cras pellentesque volutpat dui.',	4518.36,	'2022-01-19 21:53:10+00',	'2021-08-03 19:43:50+00',	28,	NULL),
(335,	'en',	'Maecenas pulvinar lobortis est.',	'Mauris ullamcorper purus sit amet nulla.',	7262.13,	'2021-11-01 14:59:49+00',	'2021-09-25 18:44:46+00',	14,	NULL),
(336,	'en',	'Donec quis orci eget orci vehicula condimentum.',	'Nunc rhoncus dui vel sem. Sed sagittis.',	1249.67,	'2021-08-04 05:15:59+00',	'2021-11-30 21:24:13+00',	13,	NULL),
(337,	'en',	'Ut tellus.',	'Aenean auctor gravida sem. Praesent id massa id nisl venenatis lacinia. Aenean sit amet justo. Morbi ut odio.',	3342.77,	'2021-07-12 17:30:15+00',	'2021-05-05 13:14:38+00',	37,	NULL),
(338,	'en',	'Integer ac leo.',	'Proin leo odio, porttitor id, consequat in, consequat ut, nulla. Sed accumsan felis.',	5994.15,	'2021-08-20 07:10:22+00',	'2021-10-22 03:01:45+00',	6,	NULL),
(339,	'en',	'Sed ante.',	'Ut tellus. Nulla ut erat id mauris vulputate elementum. Nullam varius.',	7156.3,	'2021-06-11 08:34:40+00',	'2021-10-11 23:31:35+00',	33,	NULL),
(340,	'en',	'Cras non velit nec nisi vulputate nonummy.',	'Phasellus sit amet erat. Nulla tempus.',	1086.34,	'2021-07-16 07:36:41+00',	'2022-03-19 10:44:21+00',	14,	NULL),
(342,	'en',	'Donec vitae nisi.',	'Proin interdum mauris non ligula pellentesque ultrices. Phasellus id sapien in sapien iaculis congue.',	6093.35,	'2022-03-12 12:43:09+00',	'2021-11-17 19:05:00+00',	13,	NULL),
(343,	'en',	'In hac habitasse platea dictumst.',	'Aenean fermentum.',	9540.95,	'2021-09-06 12:42:55+00',	'2021-06-19 02:23:26+00',	17,	NULL),
(344,	'en',	'Vestibulum ante ipsum primis in faucibus orci luctus et ultrices posuere cubilia Curae; Mauris viverra diam vitae quam.',	'Donec odio justo, sollicitudin ut, suscipit a, feugiat et, eros.',	9655.86,	'2022-02-20 09:33:21+00',	'2021-10-24 21:16:19+00',	13,	NULL),
(345,	'en',	'Etiam vel augue.',	'Suspendisse accumsan tortor quis turpis. Sed ante. Vivamus tortor. Duis mattis egestas metus. Aenean fermentum.',	9945.72,	'2021-08-05 08:12:31+00',	'2021-08-10 15:53:22+00',	34,	NULL),
(346,	'en',	'Ut tellus.',	'Cum sociis natoque penatibus et magnis dis parturient montes, nascetur ridiculus mus. Vivamus vestibulum sagittis sapien. Cum sociis natoque penatibus et magnis dis parturient montes, nascetur ridiculus mus. Etiam vel augue. Vestibulum rutrum rutrum neque.',	5724.71,	'2021-06-30 20:24:14+00',	'2021-10-09 20:22:23+00',	28,	NULL),
(347,	'en',	'Sed vel enim sit amet nunc viverra dapibus.',	'Vestibulum rutrum rutrum neque. Aenean auctor gravida sem. Praesent id massa id nisl venenatis lacinia.',	8224.39,	'2021-12-25 07:37:59+00',	'2021-10-23 07:01:31+00',	14,	NULL),
(349,	'en',	'Vivamus metus arcu, adipiscing molestie, hendrerit at, vulputate vitae, nisl.',	'Cras mi pede, malesuada in, imperdiet et, commodo vulputate, justo. In blandit ultrices enim. Lorem ipsum dolor sit amet, consectetuer adipiscing elit.',	2727.32,	'2021-09-18 06:07:08+00',	'2021-07-11 11:47:39+00',	31,	NULL),
(350,	'en',	'In eleifend quam a odio.',	'Vestibulum ac est lacinia nisi venenatis tristique.',	4099.34,	'2021-07-22 17:48:29+00',	'2022-04-15 19:34:18+00',	12,	NULL),
(351,	'en',	'Integer tincidunt ante vel ipsum.',	'Curabitur gravida nisi at nibh. In hac habitasse platea dictumst. Aliquam augue quam, sollicitudin vitae, consectetuer eget, rutrum at, lorem.',	4954.52,	'2021-07-10 12:19:36+00',	'2021-05-28 08:29:01+00',	32,	NULL),
(352,	'en',	'Nullam molestie nibh in lectus.',	'Mauris lacinia sapien quis libero.',	9583.31,	'2021-11-19 10:34:10+00',	'2021-06-12 22:34:45+00',	39,	NULL),
(353,	'en',	'Vestibulum rutrum rutrum neque.',	'Nullam varius. Nulla facilisi.',	3441.24,	'2021-08-03 16:18:47+00',	'2022-02-09 00:01:02+00',	19,	NULL),
(354,	'en',	'Nulla suscipit ligula in lacus.',	'Maecenas rhoncus aliquam lacus.',	7017.27,	'2021-07-05 10:56:22+00',	'2021-06-11 23:39:29+00',	25,	NULL),
(355,	'en',	'Maecenas rhoncus aliquam lacus.',	'Nulla ut erat id mauris vulputate elementum.',	6524.21,	'2021-05-18 09:41:16+00',	'2022-03-08 09:03:39+00',	22,	NULL),
(356,	'en',	'Suspendisse potenti.',	'Morbi quis tortor id nulla ultrices aliquet. Maecenas leo odio, condimentum id, luctus nec, molestie sed, justo.',	1315.23,	'2021-06-27 19:34:44+00',	'2021-08-12 05:28:48+00',	16,	NULL),
(358,	'en',	'Praesent id massa id nisl venenatis lacinia.',	'Nullam sit amet turpis elementum ligula vehicula consequat.',	9616.12,	'2021-06-05 05:43:31+00',	'2021-06-26 10:51:32+00',	19,	NULL),
(359,	'en',	'Maecenas rhoncus aliquam lacus.',	'Fusce lacus purus, aliquet at, feugiat non, pretium quis, lectus. Suspendisse potenti. In eleifend quam a odio.',	811.59,	'2021-05-17 00:34:56+00',	'2021-12-28 03:33:25+00',	36,	NULL),
(360,	'en',	'Morbi a ipsum.',	'Duis at velit eu est congue elementum. In hac habitasse platea dictumst. Morbi vestibulum, velit id pretium iaculis, diam erat fermentum justo, nec condimentum neque sapien placerat ante.',	3415.8,	'2022-04-15 18:39:33+00',	'2021-12-06 20:15:55+00',	8,	NULL),
(361,	'en',	'Aliquam non mauris.',	'Donec posuere metus vitae ipsum. Aliquam non mauris. Morbi non lectus. Aliquam sit amet diam in magna bibendum imperdiet. Nullam orci pede, venenatis non, sodales sed, tincidunt eu, felis.',	4768.85,	'2022-03-24 08:27:22+00',	'2021-07-16 05:58:36+00',	16,	NULL),
(362,	'en',	'Vestibulum quam sapien, varius ut, blandit non, interdum in, ante.',	'Pellentesque viverra pede ac diam. Cras pellentesque volutpat dui.',	8019.81,	'2022-01-22 08:56:23+00',	'2021-07-28 20:30:19+00',	14,	NULL),
(363,	'en',	'Pellentesque ultrices mattis odio.',	'Vestibulum ac est lacinia nisi venenatis tristique. Fusce congue, diam id ornare imperdiet, sapien urna pretium nisl, ut volutpat sapien arcu sed augue. Aliquam erat volutpat.',	3217.92,	'2021-07-04 10:01:40+00',	'2021-07-19 16:13:31+00',	16,	NULL),
(364,	'en',	'Etiam pretium iaculis justo.',	'Quisque ut erat. Curabitur gravida nisi at nibh. In hac habitasse platea dictumst.',	3414.29,	'2021-12-01 07:45:30+00',	'2022-04-08 21:58:51+00',	15,	NULL),
(365,	'en',	'Maecenas tristique, est et tempus semper, est quam pharetra magna, ac consequat metus sapien ut nunc.',	'Maecenas leo odio, condimentum id, luctus nec, molestie sed, justo. Pellentesque viverra pede ac diam.',	1701.86,	'2021-09-07 17:52:38+00',	'2021-08-07 13:40:22+00',	38,	NULL),
(366,	'en',	'Suspendisse potenti.',	'Integer aliquet, massa id lobortis convallis, tortor risus dapibus augue, vel accumsan tellus nisi eu orci. Mauris lacinia sapien quis libero. Nullam sit amet turpis elementum ligula vehicula consequat.',	6392.99,	'2021-07-31 14:55:10+00',	'2021-10-30 06:16:44+00',	6,	NULL),
(367,	'en',	'Etiam vel augue.',	'In sagittis dui vel nisl.',	6199.38,	'2021-10-20 16:18:35+00',	'2022-04-02 02:02:18+00',	8,	NULL),
(368,	'en',	'Proin eu mi.',	'Maecenas leo odio, condimentum id, luctus nec, molestie sed, justo. Pellentesque viverra pede ac diam.',	6740.77,	'2022-03-30 15:45:11+00',	'2021-08-27 12:49:32+00',	13,	NULL),
(369,	'en',	'Nullam porttitor lacus at turpis.',	'In hac habitasse platea dictumst. Etiam faucibus cursus urna. Ut tellus. Nulla ut erat id mauris vulputate elementum.',	2890.02,	'2021-05-28 07:49:23+00',	'2021-11-03 22:26:19+00',	14,	NULL),
(370,	'en',	'Quisque arcu libero, rutrum ac, lobortis vel, dapibus at, diam.',	'Mauris lacinia sapien quis libero. Nullam sit amet turpis elementum ligula vehicula consequat.',	6297.58,	'2021-11-15 20:52:47+00',	'2021-10-15 04:14:13+00',	6,	NULL),
(371,	'en',	'Pellentesque eget nunc.',	'Suspendisse potenti. Nullam porttitor lacus at turpis. Donec posuere metus vitae ipsum. Aliquam non mauris.',	7264.29,	'2021-06-29 19:40:06+00',	'2021-10-11 02:13:02+00',	2,	NULL),
(372,	'en',	'Vivamus metus arcu, adipiscing molestie, hendrerit at, vulputate vitae, nisl.',	'Pellentesque ultrices mattis odio. Donec vitae nisi. Nam ultrices, libero non mattis pulvinar, nulla pede ullamcorper augue, a suscipit nulla elit ac nulla.',	5519.25,	'2021-05-15 01:51:28+00',	'2021-08-31 00:02:52+00',	39,	NULL),
(373,	'en',	'In hac habitasse platea dictumst.',	'In est risus, auctor sed, tristique in, tempus sit amet, sem. Fusce consequat.',	9447.19,	'2022-01-16 21:29:41+00',	'2021-11-04 22:02:55+00',	8,	NULL),
(374,	'en',	'Nulla tempus.',	'Aenean fermentum. Donec ut mauris eget massa tempor convallis. Nulla neque libero, convallis eget, eleifend luctus, ultricies eu, nibh. Quisque id justo sit amet sapien dignissim vestibulum. Vestibulum ante ipsum primis in faucibus orci luctus et ultrices posuere cubilia Curae; Nulla dapibus dolor vel est.',	4993.11,	'2021-07-10 01:25:28+00',	'2022-03-11 03:26:30+00',	7,	NULL),
(375,	'en',	'Nullam varius.',	'Cras in purus eu magna vulputate luctus. Cum sociis natoque penatibus et magnis dis parturient montes, nascetur ridiculus mus. Vivamus vestibulum sagittis sapien.',	5232.08,	'2021-11-28 16:11:04+00',	'2021-11-02 03:39:22+00',	4,	NULL),
(376,	'en',	'Quisque ut erat.',	'Aenean lectus. Pellentesque eget nunc.',	3818.21,	'2021-10-29 16:44:02+00',	'2021-08-29 22:49:25+00',	38,	NULL),
(377,	'en',	'Vestibulum quam sapien, varius ut, blandit non, interdum in, ante.',	'Integer aliquet, massa id lobortis convallis, tortor risus dapibus augue, vel accumsan tellus nisi eu orci. Mauris lacinia sapien quis libero. Nullam sit amet turpis elementum ligula vehicula consequat. Morbi a ipsum. Integer a nibh.',	3102.54,	'2021-09-17 10:55:28+00',	'2022-04-07 11:18:29+00',	22,	NULL),
(378,	'en',	'In quis justo.',	'In sagittis dui vel nisl. Duis ac nibh. Fusce lacus purus, aliquet at, feugiat non, pretium quis, lectus. Suspendisse potenti.',	6896.46,	'2021-05-01 00:31:51+00',	'2021-12-16 14:51:06+00',	14,	NULL),
(379,	'en',	'Nam dui.',	'Fusce congue, diam id ornare imperdiet, sapien urna pretium nisl, ut volutpat sapien arcu sed augue. Aliquam erat volutpat. In congue. Etiam justo.',	685.01,	'2022-04-23 07:27:45+00',	'2021-11-08 01:15:14+00',	7,	NULL),
(380,	'en',	'Cum sociis natoque penatibus et magnis dis parturient montes, nascetur ridiculus mus.',	'Pellentesque ultrices mattis odio. Donec vitae nisi. Nam ultrices, libero non mattis pulvinar, nulla pede ullamcorper augue, a suscipit nulla elit ac nulla. Sed vel enim sit amet nunc viverra dapibus. Nulla suscipit ligula in lacus.',	8679.31,	'2021-06-06 06:19:05+00',	'2021-05-21 11:14:53+00',	3,	NULL),
(381,	'en',	'Aliquam sit amet diam in magna bibendum imperdiet.',	'Integer non velit. Donec diam neque, vestibulum eget, vulputate ut, ultrices vel, augue. Vestibulum ante ipsum primis in faucibus orci luctus et ultrices posuere cubilia Curae; Donec pharetra, magna vestibulum aliquet ultrices, erat tortor sollicitudin mi, sit amet lobortis sapien sapien non mi.',	420.56,	'2021-05-30 17:42:47+00',	'2021-06-05 20:41:34+00',	18,	NULL),
(383,	'en',	'Curabitur convallis.',	'Integer pede justo, lacinia eget, tincidunt eget, tempus vel, pede. Morbi porttitor lorem id ligula. Suspendisse ornare consequat lectus. In est risus, auctor sed, tristique in, tempus sit amet, sem.',	4234.1,	'2022-04-09 23:48:18+00',	'2021-05-06 16:22:47+00',	25,	NULL),
(384,	'en',	'Integer pede justo, lacinia eget, tincidunt eget, tempus vel, pede.',	'Vivamus vestibulum sagittis sapien. Cum sociis natoque penatibus et magnis dis parturient montes, nascetur ridiculus mus. Etiam vel augue. Vestibulum rutrum rutrum neque. Aenean auctor gravida sem.',	1126.8,	'2022-03-08 20:39:26+00',	'2021-10-24 06:26:34+00',	5,	NULL),
(385,	'en',	'Nullam porttitor lacus at turpis.',	'Nulla tellus. In sagittis dui vel nisl. Duis ac nibh. Fusce lacus purus, aliquet at, feugiat non, pretium quis, lectus. Suspendisse potenti.',	3989.58,	'2022-02-17 18:20:02+00',	'2021-10-26 11:27:42+00',	20,	NULL),
(386,	'en',	'Phasellus in felis.',	'In sagittis dui vel nisl. Duis ac nibh. Fusce lacus purus, aliquet at, feugiat non, pretium quis, lectus. Suspendisse potenti. In eleifend quam a odio.',	816.86,	'2021-07-17 07:31:38+00',	'2022-04-13 12:58:58+00',	5,	NULL),
(387,	'en',	'Donec semper sapien a libero.',	'Sed accumsan felis. Ut at dolor quis odio consequat varius. Integer ac leo.',	532.98,	'2021-05-03 15:01:57+00',	'2021-05-31 14:35:48+00',	15,	NULL),
(388,	'en',	'Aenean auctor gravida sem.',	'In quis justo. Maecenas rhoncus aliquam lacus.',	8159.05,	'2021-04-28 01:31:27+00',	'2022-02-15 02:48:17+00',	34,	NULL),
(389,	'en',	'Curabitur convallis.',	'Donec ut dolor. Morbi vel lectus in quam fringilla rhoncus. Mauris enim leo, rhoncus sed, vestibulum sit amet, cursus id, turpis.',	3784.97,	'2021-07-12 04:15:18+00',	'2021-09-26 10:39:13+00',	36,	NULL),
(390,	'en',	'Morbi vel lectus in quam fringilla rhoncus.',	'Nam tristique tortor eu pede.',	7111.45,	'2021-06-06 10:42:40+00',	'2022-02-16 08:06:46+00',	7,	NULL),
(391,	'en',	'Praesent lectus.',	'In congue. Etiam justo. Etiam pretium iaculis justo. In hac habitasse platea dictumst. Etiam faucibus cursus urna.',	236.2,	'2021-09-24 11:28:54+00',	'2021-12-01 09:43:17+00',	17,	NULL),
(392,	'en',	'Etiam vel augue.',	'Nullam sit amet turpis elementum ligula vehicula consequat. Morbi a ipsum. Integer a nibh. In quis justo.',	9228.67,	'2022-01-25 14:43:11+00',	'2022-03-26 20:26:29+00',	2,	NULL),
(393,	'en',	'Nulla tempus.',	'Mauris lacinia sapien quis libero.',	3588.51,	'2021-08-08 16:51:42+00',	'2021-09-08 13:50:46+00',	19,	NULL),
(394,	'en',	'Curabitur convallis.',	'Quisque erat eros, viverra eget, congue eget, semper rutrum, nulla.',	4777.18,	'2021-07-01 20:46:18+00',	'2021-11-24 13:14:57+00',	13,	NULL),
(395,	'en',	'Duis bibendum.',	'Donec semper sapien a libero. Nam dui. Proin leo odio, porttitor id, consequat in, consequat ut, nulla. Sed accumsan felis.',	6351.36,	'2021-09-02 05:17:40+00',	'2021-05-23 02:50:54+00',	22,	NULL),
(396,	'en',	'Ut at dolor quis odio consequat varius.',	'Nulla suscipit ligula in lacus.',	196.49,	'2022-01-04 14:46:57+00',	'2022-01-01 11:52:03+00',	6,	NULL),
(397,	'en',	'Donec semper sapien a libero.',	'Fusce posuere felis sed lacus. Morbi sem mauris, laoreet ut, rhoncus aliquet, pulvinar sed, nisl. Nunc rhoncus dui vel sem.',	7362.18,	'2022-03-01 03:52:49+00',	'2021-08-02 05:28:55+00',	8,	NULL),
(400,	'en',	'Donec quis orci eget orci vehicula condimentum.',	'Lorem ipsum dolor sit amet, consectetuer adipiscing elit.',	4676.82,	'2021-05-16 02:52:08+00',	'2021-06-11 13:44:50+00',	8,	NULL),
(401,	'en',	'Aenean fermentum.',	'Pellentesque ultrices mattis odio. Donec vitae nisi.',	3378.88,	'2022-01-06 14:51:49+00',	'2021-09-26 22:06:01+00',	18,	NULL),
(402,	'en',	'Aliquam non mauris.',	'Suspendisse potenti. In eleifend quam a odio. In hac habitasse platea dictumst.',	5508.03,	'2022-02-14 11:54:20+00',	'2021-06-01 02:56:57+00',	5,	NULL),
(403,	'en',	'Nunc purus.',	'Pellentesque ultrices mattis odio. Donec vitae nisi. Nam ultrices, libero non mattis pulvinar, nulla pede ullamcorper augue, a suscipit nulla elit ac nulla. Sed vel enim sit amet nunc viverra dapibus.',	3988.68,	'2021-10-23 11:45:46+00',	'2021-09-30 12:38:39+00',	34,	NULL),
(404,	'en',	'Integer tincidunt ante vel ipsum.',	'Donec odio justo, sollicitudin ut, suscipit a, feugiat et, eros. Vestibulum ac est lacinia nisi venenatis tristique.',	9148.39,	'2021-11-30 08:13:28+00',	'2021-11-29 13:21:07+00',	20,	NULL),
(405,	'en',	'Nulla facilisi.',	'Nullam molestie nibh in lectus.',	634.04,	'2021-05-31 11:49:36+00',	'2022-03-02 11:37:37+00',	37,	NULL),
(406,	'en',	'Morbi vestibulum, velit id pretium iaculis, diam erat fermentum justo, nec condimentum neque sapien placerat ante.',	'Nullam porttitor lacus at turpis. Donec posuere metus vitae ipsum. Aliquam non mauris.',	3273.43,	'2021-06-30 04:21:47+00',	'2021-10-21 12:30:32+00',	30,	NULL),
(407,	'en',	'Nullam sit amet turpis elementum ligula vehicula consequat.',	'Aenean fermentum. Donec ut mauris eget massa tempor convallis. Nulla neque libero, convallis eget, eleifend luctus, ultricies eu, nibh. Quisque id justo sit amet sapien dignissim vestibulum.',	4930.6,	'2021-12-01 20:01:39+00',	'2021-11-24 18:30:09+00',	22,	NULL),
(408,	'en',	'In blandit ultrices enim.',	'Praesent blandit lacinia erat.',	8412.92,	'2021-08-03 22:24:17+00',	'2021-06-23 01:45:37+00',	15,	NULL),
(409,	'en',	'Morbi quis tortor id nulla ultrices aliquet.',	'Mauris enim leo, rhoncus sed, vestibulum sit amet, cursus id, turpis.',	6019.83,	'2022-01-09 08:51:56+00',	'2021-12-21 18:46:48+00',	15,	NULL),
(410,	'en',	'Morbi ut odio.',	'Lorem ipsum dolor sit amet, consectetuer adipiscing elit. Proin interdum mauris non ligula pellentesque ultrices. Phasellus id sapien in sapien iaculis congue. Vivamus metus arcu, adipiscing molestie, hendrerit at, vulputate vitae, nisl. Aenean lectus.',	4918.17,	'2022-03-21 00:00:35+00',	'2022-01-02 19:45:03+00',	4,	NULL),
(411,	'en',	'Nulla facilisi.',	'Integer aliquet, massa id lobortis convallis, tortor risus dapibus augue, vel accumsan tellus nisi eu orci. Mauris lacinia sapien quis libero. Nullam sit amet turpis elementum ligula vehicula consequat. Morbi a ipsum.',	3059.54,	'2022-02-14 05:10:07+00',	'2021-05-23 17:44:30+00',	31,	NULL),
(412,	'en',	'In eleifend quam a odio.',	'Vestibulum quam sapien, varius ut, blandit non, interdum in, ante. Vestibulum ante ipsum primis in faucibus orci luctus et ultrices posuere cubilia Curae; Duis faucibus accumsan odio. Curabitur convallis. Duis consequat dui nec nisi volutpat eleifend. Donec ut dolor.',	3548.34,	'2022-01-13 01:13:49+00',	'2021-09-09 14:57:31+00',	4,	NULL),
(413,	'en',	'Nunc rhoncus dui vel sem.',	'Donec semper sapien a libero.',	2106.9,	'2021-11-04 07:24:30+00',	'2022-01-15 07:53:20+00',	2,	NULL),
(414,	'en',	'Nam nulla.',	'Cum sociis natoque penatibus et magnis dis parturient montes, nascetur ridiculus mus. Etiam vel augue.',	6794.25,	'2021-06-05 03:36:00+00',	'2021-06-19 01:01:34+00',	29,	NULL),
(415,	'en',	'Maecenas tincidunt lacus at velit.',	'Morbi odio odio, elementum eu, interdum eu, tincidunt in, leo.',	5303.16,	'2022-03-24 23:41:45+00',	'2021-06-05 01:46:52+00',	38,	NULL),
(416,	'en',	'Aenean auctor gravida sem.',	'Donec odio justo, sollicitudin ut, suscipit a, feugiat et, eros.',	9260.42,	'2021-10-07 12:35:10+00',	'2021-06-22 17:14:36+00',	27,	NULL),
(417,	'en',	'Cras mi pede, malesuada in, imperdiet et, commodo vulputate, justo.',	'Morbi ut odio. Cras mi pede, malesuada in, imperdiet et, commodo vulputate, justo. In blandit ultrices enim. Lorem ipsum dolor sit amet, consectetuer adipiscing elit.',	9274.48,	'2021-10-06 14:59:35+00',	'2021-07-16 14:49:03+00',	36,	NULL),
(418,	'en',	'Nulla ac enim.',	'Integer tincidunt ante vel ipsum. Praesent blandit lacinia erat. Vestibulum sed magna at nunc commodo placerat. Praesent blandit.',	4447.1,	'2022-03-05 08:02:12+00',	'2022-04-02 21:55:07+00',	21,	NULL),
(419,	'en',	'Nullam orci pede, venenatis non, sodales sed, tincidunt eu, felis.',	'Maecenas rhoncus aliquam lacus. Morbi quis tortor id nulla ultrices aliquet. Maecenas leo odio, condimentum id, luctus nec, molestie sed, justo.',	9136.34,	'2022-02-16 06:35:17+00',	'2021-12-22 02:07:39+00',	4,	NULL),
(420,	'en',	'Suspendisse potenti.',	'Mauris ullamcorper purus sit amet nulla. Quisque arcu libero, rutrum ac, lobortis vel, dapibus at, diam. Nam tristique tortor eu pede.',	4261.25,	'2021-07-22 00:43:15+00',	'2021-05-06 07:41:06+00',	20,	NULL),
(422,	'en',	'Mauris ullamcorper purus sit amet nulla.',	'Donec dapibus.',	5718.33,	'2021-09-09 17:19:23+00',	'2022-03-31 02:05:02+00',	32,	NULL),
(423,	'en',	'Maecenas leo odio, condimentum id, luctus nec, molestie sed, justo.',	'Praesent lectus. Vestibulum quam sapien, varius ut, blandit non, interdum in, ante. Vestibulum ante ipsum primis in faucibus orci luctus et ultrices posuere cubilia Curae; Duis faucibus accumsan odio. Curabitur convallis. Duis consequat dui nec nisi volutpat eleifend.',	9985.24,	'2021-11-16 05:49:11+00',	'2021-08-18 16:58:01+00',	6,	NULL),
(424,	'en',	'Nam congue, risus semper porta volutpat, quam pede lobortis ligula, sit amet eleifend pede libero quis orci.',	'Praesent id massa id nisl venenatis lacinia. Aenean sit amet justo. Morbi ut odio.',	3783.1,	'2022-02-07 15:10:56+00',	'2021-10-08 18:11:31+00',	36,	NULL),
(425,	'en',	'Morbi sem mauris, laoreet ut, rhoncus aliquet, pulvinar sed, nisl.',	'Donec odio justo, sollicitudin ut, suscipit a, feugiat et, eros. Vestibulum ac est lacinia nisi venenatis tristique. Fusce congue, diam id ornare imperdiet, sapien urna pretium nisl, ut volutpat sapien arcu sed augue.',	7349.55,	'2021-08-31 17:27:49+00',	'2021-05-21 21:40:31+00',	25,	NULL),
(427,	'en',	'Cras pellentesque volutpat dui.',	'Praesent lectus. Vestibulum quam sapien, varius ut, blandit non, interdum in, ante.',	3031.46,	'2022-01-16 10:59:01+00',	'2021-05-25 00:32:17+00',	29,	NULL),
(428,	'en',	'Fusce posuere felis sed lacus.',	'Donec vitae nisi.',	2782.23,	'2021-06-02 05:30:56+00',	'2021-07-17 09:44:31+00',	27,	NULL),
(430,	'en',	'Aliquam quis turpis eget elit sodales scelerisque.',	'In sagittis dui vel nisl. Duis ac nibh. Fusce lacus purus, aliquet at, feugiat non, pretium quis, lectus. Suspendisse potenti. In eleifend quam a odio.',	5100.89,	'2021-08-19 14:14:01+00',	'2021-08-03 00:38:05+00',	37,	NULL),
(431,	'en',	'Aenean lectus.',	'Aliquam erat volutpat. In congue.',	5039.18,	'2021-05-11 00:14:56+00',	'2021-07-22 17:19:38+00',	30,	NULL),
(432,	'en',	'Vestibulum rutrum rutrum neque.',	'Sed accumsan felis.',	8605.66,	'2021-10-04 21:13:36+00',	'2022-02-14 16:17:52+00',	34,	NULL),
(433,	'en',	'Lorem ipsum dolor sit amet, consectetuer adipiscing elit.',	'In sagittis dui vel nisl. Duis ac nibh. Fusce lacus purus, aliquet at, feugiat non, pretium quis, lectus. Suspendisse potenti. In eleifend quam a odio.',	7472.65,	'2021-12-02 02:03:50+00',	'2021-08-28 10:39:57+00',	14,	NULL),
(434,	'en',	'Nam tristique tortor eu pede.',	'Ut at dolor quis odio consequat varius. Integer ac leo. Pellentesque ultrices mattis odio. Donec vitae nisi.',	5229.87,	'2022-02-04 16:16:48+00',	'2021-11-28 04:44:55+00',	16,	NULL),
(435,	'en',	'Integer a nibh.',	'Integer a nibh. In quis justo. Maecenas rhoncus aliquam lacus.',	251.54,	'2022-01-22 18:49:24+00',	'2022-04-08 22:43:15+00',	1,	NULL),
(436,	'en',	'Vestibulum ante ipsum primis in faucibus orci luctus et ultrices posuere cubilia Curae; Duis faucibus accumsan odio.',	'In hac habitasse platea dictumst. Etiam faucibus cursus urna.',	9976.18,	'2021-12-03 00:33:41+00',	'2022-02-09 12:51:20+00',	15,	NULL),
(437,	'en',	'In eleifend quam a odio.',	'Morbi non lectus. Aliquam sit amet diam in magna bibendum imperdiet. Nullam orci pede, venenatis non, sodales sed, tincidunt eu, felis. Fusce posuere felis sed lacus. Morbi sem mauris, laoreet ut, rhoncus aliquet, pulvinar sed, nisl.',	6938.39,	'2021-10-30 08:01:01+00',	'2022-01-25 18:59:15+00',	13,	NULL),
(438,	'en',	'Nam dui.',	'Etiam pretium iaculis justo. In hac habitasse platea dictumst. Etiam faucibus cursus urna. Ut tellus.',	6874.92,	'2022-02-09 10:14:37+00',	'2021-08-07 21:16:49+00',	25,	NULL),
(439,	'en',	'Lorem ipsum dolor sit amet, consectetuer adipiscing elit.',	'Ut at dolor quis odio consequat varius. Integer ac leo. Pellentesque ultrices mattis odio.',	9830.02,	'2022-02-22 04:46:52+00',	'2021-05-12 00:13:58+00',	36,	NULL),
(440,	'en',	'Sed vel enim sit amet nunc viverra dapibus.',	'Morbi odio odio, elementum eu, interdum eu, tincidunt in, leo.',	1028.05,	'2021-10-29 17:59:48+00',	'2021-07-26 02:11:15+00',	39,	NULL),
(441,	'en',	'Fusce consequat.',	'Proin leo odio, porttitor id, consequat in, consequat ut, nulla.',	5445.03,	'2021-05-06 07:33:45+00',	'2021-12-11 09:41:35+00',	38,	NULL),
(442,	'en',	'Nulla suscipit ligula in lacus.',	'Curabitur at ipsum ac tellus semper interdum.',	3747.99,	'2021-11-19 14:02:12+00',	'2022-03-06 01:07:00+00',	5,	NULL),
(443,	'en',	'Integer non velit.',	'Maecenas tristique, est et tempus semper, est quam pharetra magna, ac consequat metus sapien ut nunc. Vestibulum ante ipsum primis in faucibus orci luctus et ultrices posuere cubilia Curae; Mauris viverra diam vitae quam. Suspendisse potenti. Nullam porttitor lacus at turpis.',	6968.5,	'2021-11-01 16:22:51+00',	'2021-10-21 11:33:36+00',	21,	NULL),
(444,	'en',	'Fusce congue, diam id ornare imperdiet, sapien urna pretium nisl, ut volutpat sapien arcu sed augue.',	'Proin risus. Praesent lectus. Vestibulum quam sapien, varius ut, blandit non, interdum in, ante. Vestibulum ante ipsum primis in faucibus orci luctus et ultrices posuere cubilia Curae; Duis faucibus accumsan odio. Curabitur convallis.',	6158.04,	'2022-02-14 14:53:42+00',	'2021-05-03 16:02:02+00',	39,	NULL),
(446,	'en',	'Aenean fermentum.',	'Vestibulum ante ipsum primis in faucibus orci luctus et ultrices posuere cubilia Curae; Nulla dapibus dolor vel est. Donec odio justo, sollicitudin ut, suscipit a, feugiat et, eros.',	5142,	'2021-10-25 19:37:34+00',	'2022-01-31 01:36:46+00',	30,	NULL),
(447,	'en',	'Duis mattis egestas metus.',	'Nulla neque libero, convallis eget, eleifend luctus, ultricies eu, nibh. Quisque id justo sit amet sapien dignissim vestibulum. Vestibulum ante ipsum primis in faucibus orci luctus et ultrices posuere cubilia Curae; Nulla dapibus dolor vel est.',	4665.45,	'2021-10-30 17:05:57+00',	'2021-09-16 08:21:01+00',	29,	NULL),
(448,	'en',	'Lorem ipsum dolor sit amet, consectetuer adipiscing elit.',	'Sed ante.',	6633.07,	'2022-01-31 02:12:33+00',	'2021-05-21 18:10:49+00',	25,	NULL),
(450,	'en',	'Etiam justo.',	'Aliquam non mauris. Morbi non lectus. Aliquam sit amet diam in magna bibendum imperdiet. Nullam orci pede, venenatis non, sodales sed, tincidunt eu, felis. Fusce posuere felis sed lacus.',	7384.61,	'2022-01-21 11:22:35+00',	'2021-07-13 04:44:55+00',	34,	NULL),
(451,	'en',	'Cum sociis natoque penatibus et magnis dis parturient montes, nascetur ridiculus mus.',	'Curabitur gravida nisi at nibh. In hac habitasse platea dictumst. Aliquam augue quam, sollicitudin vitae, consectetuer eget, rutrum at, lorem. Integer tincidunt ante vel ipsum. Praesent blandit lacinia erat.',	2523.92,	'2021-07-23 17:38:21+00',	'2021-12-01 22:20:39+00',	6,	NULL),
(452,	'en',	'Vestibulum ante ipsum primis in faucibus orci luctus et ultrices posuere cubilia Curae; Duis faucibus accumsan odio.',	'Quisque id justo sit amet sapien dignissim vestibulum. Vestibulum ante ipsum primis in faucibus orci luctus et ultrices posuere cubilia Curae; Nulla dapibus dolor vel est. Donec odio justo, sollicitudin ut, suscipit a, feugiat et, eros. Vestibulum ac est lacinia nisi venenatis tristique. Fusce congue, diam id ornare imperdiet, sapien urna pretium nisl, ut volutpat sapien arcu sed augue.',	2874.94,	'2021-05-22 22:22:46+00',	'2021-08-31 18:37:33+00',	1,	NULL),
(453,	'en',	'Duis consequat dui nec nisi volutpat eleifend.',	'Sed ante. Vivamus tortor. Duis mattis egestas metus. Aenean fermentum. Donec ut mauris eget massa tempor convallis.',	1471.32,	'2022-03-19 11:55:59+00',	'2021-11-27 09:13:26+00',	32,	NULL),
(454,	'en',	'Morbi quis tortor id nulla ultrices aliquet.',	'Vestibulum quam sapien, varius ut, blandit non, interdum in, ante. Vestibulum ante ipsum primis in faucibus orci luctus et ultrices posuere cubilia Curae; Duis faucibus accumsan odio.',	1752.55,	'2021-09-12 11:30:28+00',	'2021-05-30 13:36:18+00',	13,	NULL),
(455,	'en',	'Duis bibendum, felis sed interdum venenatis, turpis enim blandit mi, in porttitor pede justo eu massa.',	'Nulla tempus.',	4378.18,	'2021-04-30 22:12:52+00',	'2021-09-19 21:41:20+00',	2,	NULL),
(456,	'en',	'Cum sociis natoque penatibus et magnis dis parturient montes, nascetur ridiculus mus.',	'Integer ac leo. Pellentesque ultrices mattis odio. Donec vitae nisi. Nam ultrices, libero non mattis pulvinar, nulla pede ullamcorper augue, a suscipit nulla elit ac nulla. Sed vel enim sit amet nunc viverra dapibus.',	9238.95,	'2021-06-08 02:12:14+00',	'2021-08-11 12:18:13+00',	7,	NULL),
(458,	'en',	'Maecenas ut massa quis augue luctus tincidunt.',	'Nam congue, risus semper porta volutpat, quam pede lobortis ligula, sit amet eleifend pede libero quis orci. Nullam molestie nibh in lectus. Pellentesque at nulla. Suspendisse potenti.',	7954.69,	'2022-02-16 12:27:21+00',	'2022-03-16 15:21:41+00',	18,	NULL),
(459,	'en',	'Integer aliquet, massa id lobortis convallis, tortor risus dapibus augue, vel accumsan tellus nisi eu orci.',	'Cum sociis natoque penatibus et magnis dis parturient montes, nascetur ridiculus mus. Etiam vel augue. Vestibulum rutrum rutrum neque. Aenean auctor gravida sem.',	3017.16,	'2022-03-19 18:53:40+00',	'2021-07-13 00:05:30+00',	28,	NULL),
(460,	'en',	'Maecenas ut massa quis augue luctus tincidunt.',	'Maecenas leo odio, condimentum id, luctus nec, molestie sed, justo. Pellentesque viverra pede ac diam. Cras pellentesque volutpat dui.',	6276.19,	'2021-05-26 20:24:02+00',	'2022-02-20 03:57:04+00',	12,	NULL),
(461,	'en',	'Quisque erat eros, viverra eget, congue eget, semper rutrum, nulla.',	'Praesent lectus. Vestibulum quam sapien, varius ut, blandit non, interdum in, ante. Vestibulum ante ipsum primis in faucibus orci luctus et ultrices posuere cubilia Curae; Duis faucibus accumsan odio. Curabitur convallis.',	1667.93,	'2022-03-22 22:36:00+00',	'2022-04-11 11:06:18+00',	35,	NULL),
(463,	'en',	'Pellentesque eget nunc.',	'Maecenas pulvinar lobortis est. Phasellus sit amet erat. Nulla tempus.',	3741.68,	'2021-10-20 09:26:47+00',	'2022-04-03 05:59:33+00',	1,	NULL),
(464,	'en',	'Phasellus in felis.',	'Mauris sit amet eros. Suspendisse accumsan tortor quis turpis. Sed ante. Vivamus tortor.',	751.78,	'2021-09-10 00:14:08+00',	'2021-05-18 12:26:56+00',	13,	NULL),
(465,	'en',	'Duis at velit eu est congue elementum.',	'Suspendisse potenti. In eleifend quam a odio. In hac habitasse platea dictumst. Maecenas ut massa quis augue luctus tincidunt.',	6205.36,	'2022-04-23 02:45:03+00',	'2022-01-31 21:17:28+00',	39,	NULL),
(466,	'en',	'Curabitur at ipsum ac tellus semper interdum.',	'Nam congue, risus semper porta volutpat, quam pede lobortis ligula, sit amet eleifend pede libero quis orci. Nullam molestie nibh in lectus.',	8477.21,	'2021-06-08 04:26:09+00',	'2021-06-13 03:03:54+00',	28,	NULL),
(469,	'en',	'Nulla nisl.',	'Maecenas tincidunt lacus at velit. Vivamus vel nulla eget eros elementum pellentesque.',	6590.98,	'2022-01-22 17:23:48+00',	'2021-07-24 08:12:12+00',	13,	NULL),
(470,	'en',	'Nunc purus.',	'Nullam sit amet turpis elementum ligula vehicula consequat. Morbi a ipsum.',	9963.62,	'2021-06-14 05:13:43+00',	'2022-01-28 04:05:36+00',	29,	NULL),
(471,	'en',	'Duis consequat dui nec nisi volutpat eleifend.',	'Suspendisse accumsan tortor quis turpis. Sed ante. Vivamus tortor.',	4380.05,	'2022-02-20 16:02:28+00',	'2022-03-30 04:23:12+00',	33,	NULL),
(472,	'en',	'Nulla facilisi.',	'In hac habitasse platea dictumst. Maecenas ut massa quis augue luctus tincidunt. Nulla mollis molestie lorem. Quisque ut erat. Curabitur gravida nisi at nibh.',	1674.19,	'2022-01-19 12:05:12+00',	'2022-02-16 08:42:50+00',	8,	NULL),
(473,	'en',	'Aliquam sit amet diam in magna bibendum imperdiet.',	'Mauris sit amet eros. Suspendisse accumsan tortor quis turpis. Sed ante. Vivamus tortor. Duis mattis egestas metus.',	1546.12,	'2021-06-12 07:42:29+00',	'2021-05-08 02:55:36+00',	29,	NULL),
(474,	'en',	'Pellentesque ultrices mattis odio.',	'Integer ac leo. Pellentesque ultrices mattis odio. Donec vitae nisi. Nam ultrices, libero non mattis pulvinar, nulla pede ullamcorper augue, a suscipit nulla elit ac nulla.',	7508.19,	'2022-02-04 07:13:48+00',	'2021-07-18 07:22:03+00',	11,	NULL),
(475,	'en',	'Pellentesque ultrices mattis odio.',	'Vivamus metus arcu, adipiscing molestie, hendrerit at, vulputate vitae, nisl. Aenean lectus.',	7411.13,	'2021-10-29 11:01:29+00',	'2021-06-06 03:55:12+00',	37,	NULL),
(476,	'en',	'Duis bibendum.',	'Proin at turpis a pede posuere nonummy. Integer non velit.',	7117.09,	'2022-01-11 16:24:47+00',	'2021-09-27 11:17:19+00',	6,	NULL),
(477,	'en',	'Vestibulum quam sapien, varius ut, blandit non, interdum in, ante.',	'Aliquam erat volutpat. In congue. Etiam justo. Etiam pretium iaculis justo.',	700.93,	'2021-07-01 09:36:59+00',	'2021-09-04 04:39:25+00',	18,	NULL),
(478,	'en',	'Nam dui.',	'Nullam orci pede, venenatis non, sodales sed, tincidunt eu, felis. Fusce posuere felis sed lacus.',	7585.87,	'2022-01-10 11:38:31+00',	'2021-10-04 08:05:09+00',	3,	NULL),
(479,	'en',	'Donec posuere metus vitae ipsum.',	'Suspendisse potenti.',	3260.54,	'2021-08-06 17:22:49+00',	'2022-03-19 10:43:57+00',	20,	NULL),
(480,	'en',	'Quisque ut erat.',	'Nullam sit amet turpis elementum ligula vehicula consequat. Morbi a ipsum. Integer a nibh. In quis justo.',	4873.11,	'2022-01-19 21:23:05+00',	'2022-03-12 18:53:25+00',	25,	NULL),
(481,	'en',	'Nam nulla.',	'Cras non velit nec nisi vulputate nonummy. Maecenas tincidunt lacus at velit.',	3880.4,	'2021-06-12 10:40:36+00',	'2021-08-23 12:54:27+00',	3,	NULL),
(482,	'en',	'Morbi non quam nec dui luctus rutrum.',	'In eleifend quam a odio. In hac habitasse platea dictumst. Maecenas ut massa quis augue luctus tincidunt.',	3660.48,	'2021-05-18 21:26:19+00',	'2022-01-01 01:32:59+00',	1,	NULL),
(483,	'en',	'Nunc nisl.',	'Curabitur convallis. Duis consequat dui nec nisi volutpat eleifend. Donec ut dolor.',	573.87,	'2021-10-01 01:50:28+00',	'2022-03-09 06:08:08+00',	16,	NULL),
(484,	'en',	'Quisque ut erat.',	'Nulla mollis molestie lorem. Quisque ut erat.',	8817.03,	'2021-12-12 20:55:36+00',	'2021-06-10 07:35:20+00',	2,	NULL),
(485,	'en',	'Nullam sit amet turpis elementum ligula vehicula consequat.',	'Nullam varius. Nulla facilisi.',	7569.34,	'2021-07-06 10:54:24+00',	'2021-10-11 08:13:51+00',	31,	NULL),
(487,	'en',	'Suspendisse ornare consequat lectus.',	'In hac habitasse platea dictumst. Maecenas ut massa quis augue luctus tincidunt. Nulla mollis molestie lorem. Quisque ut erat. Curabitur gravida nisi at nibh.',	3430.44,	'2021-07-04 01:25:40+00',	'2021-12-13 02:33:15+00',	37,	NULL),
(488,	'en',	'Integer aliquet, massa id lobortis convallis, tortor risus dapibus augue, vel accumsan tellus nisi eu orci.',	'Morbi non lectus. Aliquam sit amet diam in magna bibendum imperdiet. Nullam orci pede, venenatis non, sodales sed, tincidunt eu, felis. Fusce posuere felis sed lacus. Morbi sem mauris, laoreet ut, rhoncus aliquet, pulvinar sed, nisl.',	5101.06,	'2021-07-06 21:32:02+00',	'2022-04-21 16:12:34+00',	7,	NULL),
(490,	'en',	'Nulla suscipit ligula in lacus.',	'Ut tellus.',	1085.33,	'2021-05-22 06:41:00+00',	'2021-07-18 09:17:53+00',	14,	NULL),
(491,	'en',	'Cras pellentesque volutpat dui.',	'Phasellus sit amet erat. Nulla tempus. Vivamus in felis eu sapien cursus vestibulum. Proin eu mi. Nulla ac enim.',	6179.93,	'2021-07-15 11:00:51+00',	'2021-11-02 12:13:16+00',	6,	NULL),
(492,	'en',	'Nam congue, risus semper porta volutpat, quam pede lobortis ligula, sit amet eleifend pede libero quis orci.',	'Integer aliquet, massa id lobortis convallis, tortor risus dapibus augue, vel accumsan tellus nisi eu orci. Mauris lacinia sapien quis libero.',	1830.05,	'2022-01-21 07:46:54+00',	'2021-08-17 21:32:38+00',	2,	NULL),
(493,	'en',	'Fusce congue, diam id ornare imperdiet, sapien urna pretium nisl, ut volutpat sapien arcu sed augue.',	'Suspendisse potenti. Nullam porttitor lacus at turpis. Donec posuere metus vitae ipsum. Aliquam non mauris.',	9760.77,	'2021-12-12 17:52:58+00',	'2021-05-02 12:57:37+00',	33,	NULL),
(494,	'en',	'Mauris ullamcorper purus sit amet nulla.',	'Morbi porttitor lorem id ligula. Suspendisse ornare consequat lectus. In est risus, auctor sed, tristique in, tempus sit amet, sem. Fusce consequat. Nulla nisl.',	3885.44,	'2021-05-09 12:26:18+00',	'2021-10-29 08:08:49+00',	6,	NULL),
(495,	'en',	'Donec quis orci eget orci vehicula condimentum.',	'Sed ante. Vivamus tortor. Duis mattis egestas metus. Aenean fermentum.',	9548.56,	'2022-03-09 15:46:45+00',	'2021-05-25 08:00:30+00',	38,	NULL),
(496,	'en',	'In congue.',	'In est risus, auctor sed, tristique in, tempus sit amet, sem. Fusce consequat. Nulla nisl.',	3395.28,	'2021-09-14 05:37:58+00',	'2022-03-24 11:27:07+00',	1,	NULL),
(497,	'en',	'Donec posuere metus vitae ipsum.',	'Fusce consequat. Nulla nisl. Nunc nisl.',	3349.77,	'2021-09-08 16:22:31+00',	'2021-11-27 05:55:44+00',	27,	NULL),
(498,	'en',	'Pellentesque eget nunc.',	'Sed accumsan felis. Ut at dolor quis odio consequat varius. Integer ac leo. Pellentesque ultrices mattis odio.',	2095.32,	'2021-11-16 12:52:37+00',	'2021-12-12 00:03:04+00',	35,	NULL),
(499,	'en',	'Aliquam sit amet diam in magna bibendum imperdiet.',	'In sagittis dui vel nisl. Duis ac nibh.',	7371.46,	'2022-03-23 01:34:11+00',	'2022-04-10 08:46:48+00',	13,	NULL),
(530,	'en',	'In est risus, auctor sed, tristique in, tempus sit amet, sem.',	'Praesent blandit. Nam nulla. Integer pede justo, lacinia eget, tincidunt eget, tempus vel, pede.',	2343.29,	'2021-11-18 16:36:32+00',	'2021-10-23 17:58:26+00',	3,	NULL),
(501,	'en',	'Ut at dolor quis odio consequat varius.',	'Donec ut mauris eget massa tempor convallis. Nulla neque libero, convallis eget, eleifend luctus, ultricies eu, nibh.',	9953.69,	'2022-03-10 16:56:02+00',	'2022-01-23 02:02:21+00',	1,	NULL),
(502,	'en',	'Aliquam erat volutpat.',	'Integer aliquet, massa id lobortis convallis, tortor risus dapibus augue, vel accumsan tellus nisi eu orci. Mauris lacinia sapien quis libero. Nullam sit amet turpis elementum ligula vehicula consequat. Morbi a ipsum.',	3500.24,	'2021-04-26 15:52:57+00',	'2021-06-20 10:07:57+00',	14,	NULL),
(503,	'en',	'Nunc rhoncus dui vel sem.',	'Quisque ut erat. Curabitur gravida nisi at nibh.',	3075.76,	'2021-06-04 03:30:08+00',	'2021-07-22 02:28:43+00',	30,	NULL),
(504,	'en',	'Ut tellus.',	'In hac habitasse platea dictumst. Maecenas ut massa quis augue luctus tincidunt. Nulla mollis molestie lorem. Quisque ut erat. Curabitur gravida nisi at nibh.',	5487.32,	'2021-12-29 11:54:07+00',	'2022-03-28 10:38:08+00',	11,	NULL),
(505,	'en',	'Aliquam erat volutpat.',	'Morbi quis tortor id nulla ultrices aliquet. Maecenas leo odio, condimentum id, luctus nec, molestie sed, justo. Pellentesque viverra pede ac diam. Cras pellentesque volutpat dui. Maecenas tristique, est et tempus semper, est quam pharetra magna, ac consequat metus sapien ut nunc.',	7577.08,	'2021-09-16 17:41:31+00',	'2022-01-24 09:27:26+00',	20,	NULL),
(506,	'en',	'Aliquam non mauris.',	'Morbi sem mauris, laoreet ut, rhoncus aliquet, pulvinar sed, nisl. Nunc rhoncus dui vel sem.',	7867.76,	'2021-10-16 13:04:50+00',	'2022-01-27 23:28:18+00',	17,	NULL),
(507,	'en',	'Phasellus id sapien in sapien iaculis congue.',	'Vivamus in felis eu sapien cursus vestibulum. Proin eu mi.',	1376.75,	'2021-05-13 18:24:05+00',	'2021-10-18 00:48:48+00',	6,	NULL),
(508,	'en',	'Maecenas rhoncus aliquam lacus.',	'Donec dapibus. Duis at velit eu est congue elementum. In hac habitasse platea dictumst. Morbi vestibulum, velit id pretium iaculis, diam erat fermentum justo, nec condimentum neque sapien placerat ante. Nulla justo.',	7355.71,	'2021-06-19 06:25:45+00',	'2022-03-05 14:28:54+00',	16,	NULL),
(509,	'en',	'In hac habitasse platea dictumst.',	'Nulla justo. Aliquam quis turpis eget elit sodales scelerisque.',	6378.04,	'2021-10-07 11:22:48+00',	'2021-05-21 17:51:54+00',	12,	NULL),
(510,	'en',	'Duis mattis egestas metus.',	'Aenean sit amet justo. Morbi ut odio. Cras mi pede, malesuada in, imperdiet et, commodo vulputate, justo. In blandit ultrices enim. Lorem ipsum dolor sit amet, consectetuer adipiscing elit.',	8571.01,	'2021-04-29 04:45:14+00',	'2021-10-16 09:09:14+00',	17,	NULL),
(511,	'en',	'In est risus, auctor sed, tristique in, tempus sit amet, sem.',	'Nam dui. Proin leo odio, porttitor id, consequat in, consequat ut, nulla. Sed accumsan felis. Ut at dolor quis odio consequat varius.',	8437.04,	'2021-12-05 15:14:30+00',	'2022-03-03 07:59:34+00',	1,	NULL),
(512,	'en',	'Morbi vestibulum, velit id pretium iaculis, diam erat fermentum justo, nec condimentum neque sapien placerat ante.',	'Duis at velit eu est congue elementum. In hac habitasse platea dictumst. Morbi vestibulum, velit id pretium iaculis, diam erat fermentum justo, nec condimentum neque sapien placerat ante.',	892.07,	'2021-09-15 11:05:17+00',	'2022-03-21 22:00:18+00',	12,	NULL),
(513,	'en',	'Vestibulum quam sapien, varius ut, blandit non, interdum in, ante.',	'Praesent blandit lacinia erat. Vestibulum sed magna at nunc commodo placerat. Praesent blandit.',	5820.16,	'2021-07-07 16:42:34+00',	'2022-02-16 11:47:56+00',	37,	NULL),
(514,	'en',	'Suspendisse potenti.',	'Duis consequat dui nec nisi volutpat eleifend. Donec ut dolor. Morbi vel lectus in quam fringilla rhoncus.',	634.52,	'2021-12-06 02:46:07+00',	'2021-06-14 00:24:10+00',	7,	NULL),
(515,	'en',	'Mauris enim leo, rhoncus sed, vestibulum sit amet, cursus id, turpis.',	'Nulla nisl. Nunc nisl. Duis bibendum, felis sed interdum venenatis, turpis enim blandit mi, in porttitor pede justo eu massa. Donec dapibus.',	8571,	'2021-05-04 10:53:29+00',	'2021-06-11 20:13:00+00',	37,	NULL),
(516,	'en',	'Morbi a ipsum.',	'Nam ultrices, libero non mattis pulvinar, nulla pede ullamcorper augue, a suscipit nulla elit ac nulla. Sed vel enim sit amet nunc viverra dapibus. Nulla suscipit ligula in lacus. Curabitur at ipsum ac tellus semper interdum. Mauris ullamcorper purus sit amet nulla.',	8810.67,	'2021-05-15 15:21:26+00',	'2021-08-08 12:21:52+00',	38,	NULL),
(517,	'en',	'Aliquam sit amet diam in magna bibendum imperdiet.',	'Nulla neque libero, convallis eget, eleifend luctus, ultricies eu, nibh. Quisque id justo sit amet sapien dignissim vestibulum. Vestibulum ante ipsum primis in faucibus orci luctus et ultrices posuere cubilia Curae; Nulla dapibus dolor vel est. Donec odio justo, sollicitudin ut, suscipit a, feugiat et, eros.',	5885.59,	'2022-04-15 15:43:06+00',	'2022-01-21 06:37:10+00',	36,	NULL),
(518,	'en',	'Aliquam non mauris.',	'Vestibulum sed magna at nunc commodo placerat. Praesent blandit. Nam nulla. Integer pede justo, lacinia eget, tincidunt eget, tempus vel, pede.',	2499.25,	'2022-04-25 10:48:56+00',	'2022-01-30 19:31:14+00',	39,	NULL),
(520,	'en',	'Nullam orci pede, venenatis non, sodales sed, tincidunt eu, felis.',	'Vivamus metus arcu, adipiscing molestie, hendrerit at, vulputate vitae, nisl. Aenean lectus.',	2915.15,	'2021-12-14 02:33:48+00',	'2021-09-29 08:16:23+00',	36,	NULL),
(521,	'en',	'Aenean fermentum.',	'In hac habitasse platea dictumst. Aliquam augue quam, sollicitudin vitae, consectetuer eget, rutrum at, lorem. Integer tincidunt ante vel ipsum. Praesent blandit lacinia erat.',	3040.67,	'2021-11-06 03:25:02+00',	'2021-11-20 11:13:52+00',	3,	NULL),
(522,	'en',	'Aenean sit amet justo.',	'Duis bibendum. Morbi non quam nec dui luctus rutrum. Nulla tellus. In sagittis dui vel nisl.',	4531.98,	'2022-03-30 00:29:13+00',	'2022-04-12 19:46:36+00',	6,	NULL),
(523,	'en',	'Duis bibendum, felis sed interdum venenatis, turpis enim blandit mi, in porttitor pede justo eu massa.',	'Nulla facilisi. Cras non velit nec nisi vulputate nonummy. Maecenas tincidunt lacus at velit. Vivamus vel nulla eget eros elementum pellentesque. Quisque porta volutpat erat.',	8015.45,	'2021-08-17 21:54:09+00',	'2021-05-24 02:54:24+00',	6,	NULL),
(525,	'en',	'Integer a nibh.',	'Duis bibendum, felis sed interdum venenatis, turpis enim blandit mi, in porttitor pede justo eu massa. Donec dapibus. Duis at velit eu est congue elementum.',	1636.12,	'2021-06-13 07:01:33+00',	'2022-01-23 16:16:59+00',	8,	NULL),
(526,	'en',	'Mauris sit amet eros.',	'Integer ac leo. Pellentesque ultrices mattis odio.',	1181.89,	'2021-06-12 02:26:11+00',	'2021-08-10 09:57:52+00',	31,	NULL),
(527,	'en',	'Aliquam sit amet diam in magna bibendum imperdiet.',	'Integer a nibh. In quis justo. Maecenas rhoncus aliquam lacus. Morbi quis tortor id nulla ultrices aliquet. Maecenas leo odio, condimentum id, luctus nec, molestie sed, justo.',	1910.55,	'2022-04-10 21:41:59+00',	'2022-01-31 04:17:17+00',	34,	NULL),
(528,	'en',	'Suspendisse potenti.',	'Duis bibendum, felis sed interdum venenatis, turpis enim blandit mi, in porttitor pede justo eu massa. Donec dapibus. Duis at velit eu est congue elementum. In hac habitasse platea dictumst.',	5678.82,	'2021-05-05 10:28:49+00',	'2021-05-10 07:09:59+00',	5,	NULL),
(529,	'en',	'In hac habitasse platea dictumst.',	'Vestibulum sed magna at nunc commodo placerat. Praesent blandit. Nam nulla. Integer pede justo, lacinia eget, tincidunt eget, tempus vel, pede.',	5518.04,	'2021-10-22 16:00:43+00',	'2021-07-23 08:40:52+00',	34,	NULL),
(531,	'en',	'Donec dapibus.',	'Cras pellentesque volutpat dui. Maecenas tristique, est et tempus semper, est quam pharetra magna, ac consequat metus sapien ut nunc. Vestibulum ante ipsum primis in faucibus orci luctus et ultrices posuere cubilia Curae; Mauris viverra diam vitae quam. Suspendisse potenti.',	8901.43,	'2021-10-14 14:37:41+00',	'2021-11-25 13:19:54+00',	21,	NULL),
(532,	'en',	'Suspendisse potenti.',	'Maecenas tincidunt lacus at velit. Vivamus vel nulla eget eros elementum pellentesque.',	8416.03,	'2021-05-17 01:02:01+00',	'2021-11-28 12:25:25+00',	11,	NULL),
(533,	'en',	'Suspendisse potenti.',	'In blandit ultrices enim. Lorem ipsum dolor sit amet, consectetuer adipiscing elit.',	1900.15,	'2022-02-20 21:43:40+00',	'2021-10-11 08:24:31+00',	7,	NULL),
(534,	'en',	'Maecenas pulvinar lobortis est.',	'Quisque erat eros, viverra eget, congue eget, semper rutrum, nulla. Nunc purus.',	800.47,	'2022-02-28 23:23:27+00',	'2021-05-14 05:27:38+00',	11,	NULL),
(535,	'en',	'Duis bibendum.',	'Integer aliquet, massa id lobortis convallis, tortor risus dapibus augue, vel accumsan tellus nisi eu orci. Mauris lacinia sapien quis libero. Nullam sit amet turpis elementum ligula vehicula consequat. Morbi a ipsum.',	4941.37,	'2021-10-16 23:50:40+00',	'2022-03-11 17:04:10+00',	1,	NULL),
(536,	'en',	'Curabitur convallis.',	'Duis bibendum. Morbi non quam nec dui luctus rutrum. Nulla tellus.',	4189.68,	'2022-01-20 20:25:53+00',	'2021-07-30 16:32:01+00',	39,	NULL),
(537,	'en',	'Nulla tempus.',	'Cras pellentesque volutpat dui. Maecenas tristique, est et tempus semper, est quam pharetra magna, ac consequat metus sapien ut nunc. Vestibulum ante ipsum primis in faucibus orci luctus et ultrices posuere cubilia Curae; Mauris viverra diam vitae quam.',	9345.27,	'2022-02-01 18:02:00+00',	'2021-07-31 13:27:51+00',	5,	NULL),
(539,	'en',	'Lorem ipsum dolor sit amet, consectetuer adipiscing elit.',	'Aliquam erat volutpat. In congue. Etiam justo. Etiam pretium iaculis justo.',	5289.94,	'2021-07-23 02:40:45+00',	'2022-02-10 02:01:39+00',	36,	NULL),
(540,	'en',	'Curabitur convallis.',	'Morbi non lectus. Aliquam sit amet diam in magna bibendum imperdiet.',	9740.69,	'2021-12-20 02:01:46+00',	'2022-02-12 18:12:50+00',	8,	NULL),
(541,	'en',	'Integer tincidunt ante vel ipsum.',	'Integer non velit. Donec diam neque, vestibulum eget, vulputate ut, ultrices vel, augue. Vestibulum ante ipsum primis in faucibus orci luctus et ultrices posuere cubilia Curae; Donec pharetra, magna vestibulum aliquet ultrices, erat tortor sollicitudin mi, sit amet lobortis sapien sapien non mi. Integer ac neque.',	7368.01,	'2022-03-02 00:12:26+00',	'2021-05-10 22:23:41+00',	37,	NULL),
(542,	'en',	'Maecenas tincidunt lacus at velit.',	'Sed sagittis. Nam congue, risus semper porta volutpat, quam pede lobortis ligula, sit amet eleifend pede libero quis orci. Nullam molestie nibh in lectus. Pellentesque at nulla.',	4475.39,	'2021-07-30 19:49:58+00',	'2022-03-06 20:57:31+00',	12,	NULL),
(544,	'en',	'Nullam porttitor lacus at turpis.',	'Cras non velit nec nisi vulputate nonummy.',	6003.47,	'2021-12-19 14:50:10+00',	'2022-01-11 18:53:03+00',	39,	NULL),
(545,	'en',	'Vestibulum sed magna at nunc commodo placerat.',	'Nullam orci pede, venenatis non, sodales sed, tincidunt eu, felis.',	703.82,	'2021-09-03 19:51:15+00',	'2021-05-18 06:14:02+00',	27,	NULL),
(546,	'en',	'Mauris sit amet eros.',	'Nulla nisl. Nunc nisl. Duis bibendum, felis sed interdum venenatis, turpis enim blandit mi, in porttitor pede justo eu massa.',	6498.77,	'2021-07-30 05:51:41+00',	'2022-04-15 02:14:54+00',	28,	NULL),
(547,	'en',	'Quisque id justo sit amet sapien dignissim vestibulum.',	'Vivamus vel nulla eget eros elementum pellentesque. Quisque porta volutpat erat. Quisque erat eros, viverra eget, congue eget, semper rutrum, nulla. Nunc purus. Phasellus in felis.',	4912.79,	'2021-08-29 23:19:20+00',	'2022-03-14 15:37:17+00',	30,	NULL),
(548,	'en',	'Nulla ac enim.',	'Vestibulum ante ipsum primis in faucibus orci luctus et ultrices posuere cubilia Curae; Mauris viverra diam vitae quam. Suspendisse potenti. Nullam porttitor lacus at turpis. Donec posuere metus vitae ipsum.',	9678.89,	'2022-03-25 11:31:21+00',	'2021-08-17 23:54:56+00',	19,	NULL),
(549,	'en',	'Cras non velit nec nisi vulputate nonummy.',	'Nulla nisl. Nunc nisl.',	6027.88,	'2021-08-21 07:59:53+00',	'2021-08-26 02:42:56+00',	39,	NULL),
(550,	'en',	'Fusce lacus purus, aliquet at, feugiat non, pretium quis, lectus.',	'Mauris ullamcorper purus sit amet nulla. Quisque arcu libero, rutrum ac, lobortis vel, dapibus at, diam. Nam tristique tortor eu pede.',	4162.18,	'2022-01-01 07:59:55+00',	'2021-04-30 14:42:15+00',	25,	NULL),
(551,	'en',	'Pellentesque eget nunc.',	'Donec ut dolor. Morbi vel lectus in quam fringilla rhoncus. Mauris enim leo, rhoncus sed, vestibulum sit amet, cursus id, turpis. Integer aliquet, massa id lobortis convallis, tortor risus dapibus augue, vel accumsan tellus nisi eu orci. Mauris lacinia sapien quis libero.',	2483,	'2021-11-30 10:26:13+00',	'2021-11-30 19:05:37+00',	14,	NULL),
(553,	'en',	'Aliquam quis turpis eget elit sodales scelerisque.',	'Phasellus id sapien in sapien iaculis congue. Vivamus metus arcu, adipiscing molestie, hendrerit at, vulputate vitae, nisl. Aenean lectus.',	6584.45,	'2021-11-25 13:19:01+00',	'2021-12-26 00:27:49+00',	22,	NULL),
(554,	'en',	'Integer ac neque.',	'Quisque erat eros, viverra eget, congue eget, semper rutrum, nulla. Nunc purus. Phasellus in felis.',	7900.69,	'2022-01-16 19:11:36+00',	'2021-05-15 02:29:43+00',	2,	NULL),
(555,	'en',	'Pellentesque ultrices mattis odio.',	'Etiam faucibus cursus urna. Ut tellus. Nulla ut erat id mauris vulputate elementum. Nullam varius. Nulla facilisi.',	9452.66,	'2022-04-14 09:07:30+00',	'2022-01-19 09:33:28+00',	21,	NULL),
(556,	'en',	'Nullam porttitor lacus at turpis.',	'Duis bibendum.',	469.36,	'2021-12-13 14:45:52+00',	'2022-01-03 05:21:45+00',	10,	NULL),
(557,	'en',	'Vivamus vestibulum sagittis sapien.',	'Aenean lectus. Pellentesque eget nunc. Donec quis orci eget orci vehicula condimentum. Curabitur in libero ut massa volutpat convallis. Morbi odio odio, elementum eu, interdum eu, tincidunt in, leo.',	1891.58,	'2021-09-07 18:42:03+00',	'2022-03-06 08:03:59+00',	29,	NULL),
(558,	'en',	'Etiam faucibus cursus urna.',	'Donec posuere metus vitae ipsum. Aliquam non mauris. Morbi non lectus. Aliquam sit amet diam in magna bibendum imperdiet. Nullam orci pede, venenatis non, sodales sed, tincidunt eu, felis.',	777.88,	'2022-03-31 19:54:27+00',	'2021-12-24 03:32:34+00',	7,	NULL),
(559,	'en',	'Donec odio justo, sollicitudin ut, suscipit a, feugiat et, eros.',	'Duis mattis egestas metus. Aenean fermentum.',	5207.2,	'2022-02-28 20:15:08+00',	'2022-02-17 05:21:59+00',	30,	NULL),
(560,	'en',	'Pellentesque eget nunc.',	'Mauris lacinia sapien quis libero. Nullam sit amet turpis elementum ligula vehicula consequat. Morbi a ipsum. Integer a nibh.',	4423.44,	'2021-10-09 23:23:25+00',	'2022-01-11 18:25:29+00',	17,	NULL),
(561,	'en',	'Sed sagittis.',	'Duis bibendum, felis sed interdum venenatis, turpis enim blandit mi, in porttitor pede justo eu massa. Donec dapibus. Duis at velit eu est congue elementum. In hac habitasse platea dictumst.',	9132.81,	'2021-09-29 17:07:28+00',	'2021-06-13 05:46:57+00',	36,	NULL),
(870,	'en',	'Nunc nisl.',	'Fusce consequat.',	1197.82,	'2021-09-11 13:41:52+00',	'2021-10-22 20:39:17+00',	37,	NULL),
(562,	'en',	'In hac habitasse platea dictumst.',	'Suspendisse ornare consequat lectus. In est risus, auctor sed, tristique in, tempus sit amet, sem. Fusce consequat.',	1758.16,	'2021-10-03 16:44:58+00',	'2021-10-18 06:27:15+00',	14,	NULL),
(563,	'en',	'Sed sagittis.',	'Fusce congue, diam id ornare imperdiet, sapien urna pretium nisl, ut volutpat sapien arcu sed augue. Aliquam erat volutpat.',	7095.21,	'2021-06-10 11:20:39+00',	'2021-10-11 03:53:38+00',	30,	NULL),
(564,	'en',	'In hac habitasse platea dictumst.',	'Quisque id justo sit amet sapien dignissim vestibulum. Vestibulum ante ipsum primis in faucibus orci luctus et ultrices posuere cubilia Curae; Nulla dapibus dolor vel est. Donec odio justo, sollicitudin ut, suscipit a, feugiat et, eros. Vestibulum ac est lacinia nisi venenatis tristique.',	9914.5,	'2021-06-02 17:01:36+00',	'2021-06-27 19:22:21+00',	4,	NULL),
(565,	'en',	'Donec ut dolor.',	'Maecenas leo odio, condimentum id, luctus nec, molestie sed, justo. Pellentesque viverra pede ac diam.',	5508.23,	'2022-01-24 05:38:21+00',	'2021-12-17 14:08:36+00',	33,	NULL),
(566,	'en',	'Phasellus sit amet erat.',	'Nam dui. Proin leo odio, porttitor id, consequat in, consequat ut, nulla. Sed accumsan felis. Ut at dolor quis odio consequat varius.',	2116.4,	'2021-12-09 01:52:35+00',	'2021-11-21 07:46:35+00',	19,	NULL),
(567,	'en',	'Phasellus id sapien in sapien iaculis congue.',	'Curabitur gravida nisi at nibh. In hac habitasse platea dictumst. Aliquam augue quam, sollicitudin vitae, consectetuer eget, rutrum at, lorem.',	1506.91,	'2021-07-25 15:44:21+00',	'2021-09-17 20:15:49+00',	16,	NULL),
(568,	'en',	'Suspendisse potenti.',	'Nam congue, risus semper porta volutpat, quam pede lobortis ligula, sit amet eleifend pede libero quis orci. Nullam molestie nibh in lectus. Pellentesque at nulla. Suspendisse potenti. Cras in purus eu magna vulputate luctus.',	3407.05,	'2022-01-12 13:00:59+00',	'2022-03-01 10:40:40+00',	12,	NULL),
(569,	'en',	'Vivamus tortor.',	'Nulla justo.',	8833.78,	'2021-11-03 11:21:26+00',	'2022-02-13 10:15:42+00',	6,	NULL),
(570,	'en',	'Vivamus in felis eu sapien cursus vestibulum.',	'In hac habitasse platea dictumst. Morbi vestibulum, velit id pretium iaculis, diam erat fermentum justo, nec condimentum neque sapien placerat ante. Nulla justo. Aliquam quis turpis eget elit sodales scelerisque. Mauris sit amet eros.',	8266.74,	'2021-05-17 19:02:45+00',	'2021-05-17 12:10:39+00',	25,	NULL),
(571,	'en',	'Quisque arcu libero, rutrum ac, lobortis vel, dapibus at, diam.',	'Aliquam erat volutpat. In congue. Etiam justo. Etiam pretium iaculis justo.',	3753.48,	'2021-08-06 13:49:55+00',	'2021-12-29 08:04:45+00',	6,	NULL),
(572,	'en',	'Nullam porttitor lacus at turpis.',	'Proin eu mi. Nulla ac enim. In tempor, turpis nec euismod scelerisque, quam turpis adipiscing lorem, vitae mattis nibh ligula nec sem. Duis aliquam convallis nunc. Proin at turpis a pede posuere nonummy.',	9273.76,	'2021-05-11 22:54:29+00',	'2021-07-09 02:38:18+00',	37,	NULL),
(573,	'en',	'Praesent blandit lacinia erat.',	'Pellentesque ultrices mattis odio. Donec vitae nisi. Nam ultrices, libero non mattis pulvinar, nulla pede ullamcorper augue, a suscipit nulla elit ac nulla. Sed vel enim sit amet nunc viverra dapibus. Nulla suscipit ligula in lacus.',	3731.46,	'2022-02-27 09:14:19+00',	'2021-12-31 00:50:56+00',	32,	NULL),
(574,	'en',	'Nulla mollis molestie lorem.',	'Aliquam non mauris.',	8647.65,	'2022-01-19 19:35:02+00',	'2021-05-28 04:30:51+00',	12,	NULL),
(575,	'en',	'Curabitur in libero ut massa volutpat convallis.',	'Etiam faucibus cursus urna. Ut tellus. Nulla ut erat id mauris vulputate elementum.',	6054.54,	'2021-05-18 20:34:02+00',	'2022-03-11 15:25:36+00',	10,	NULL),
(576,	'en',	'In blandit ultrices enim.',	'Cras mi pede, malesuada in, imperdiet et, commodo vulputate, justo.',	2448.74,	'2021-11-16 15:25:27+00',	'2021-06-04 08:52:52+00',	17,	NULL),
(578,	'en',	'Morbi non lectus.',	'Vivamus tortor. Duis mattis egestas metus.',	1540.34,	'2021-07-30 11:08:55+00',	'2022-03-01 04:39:51+00',	39,	NULL),
(579,	'en',	'Quisque arcu libero, rutrum ac, lobortis vel, dapibus at, diam.',	'Praesent blandit lacinia erat. Vestibulum sed magna at nunc commodo placerat. Praesent blandit.',	6848.18,	'2021-10-23 01:35:32+00',	'2022-03-20 10:59:43+00',	7,	NULL),
(580,	'en',	'Donec diam neque, vestibulum eget, vulputate ut, ultrices vel, augue.',	'Suspendisse accumsan tortor quis turpis.',	8908.09,	'2021-05-22 14:38:18+00',	'2021-10-04 02:52:38+00',	3,	NULL),
(581,	'en',	'Pellentesque viverra pede ac diam.',	'Nunc purus. Phasellus in felis. Donec semper sapien a libero. Nam dui.',	8607.19,	'2021-12-27 16:24:54+00',	'2021-07-02 13:29:13+00',	38,	NULL),
(582,	'en',	'Nam tristique tortor eu pede.',	'Morbi non quam nec dui luctus rutrum. Nulla tellus.',	9669.57,	'2021-09-02 04:22:19+00',	'2022-04-12 13:37:28+00',	27,	NULL),
(583,	'en',	'Suspendisse potenti.',	'Quisque erat eros, viverra eget, congue eget, semper rutrum, nulla.',	406.99,	'2021-07-07 14:56:28+00',	'2021-11-24 15:25:04+00',	8,	NULL),
(584,	'en',	'Etiam faucibus cursus urna.',	'Nullam orci pede, venenatis non, sodales sed, tincidunt eu, felis.',	5982.79,	'2022-02-21 02:30:20+00',	'2021-12-04 12:05:05+00',	30,	NULL),
(585,	'en',	'Cum sociis natoque penatibus et magnis dis parturient montes, nascetur ridiculus mus.',	'Phasellus in felis. Donec semper sapien a libero. Nam dui.',	6748.65,	'2021-08-09 13:07:00+00',	'2022-03-07 03:27:18+00',	14,	NULL),
(586,	'en',	'Aliquam non mauris.',	'Cras non velit nec nisi vulputate nonummy. Maecenas tincidunt lacus at velit. Vivamus vel nulla eget eros elementum pellentesque. Quisque porta volutpat erat.',	6097.4,	'2021-05-17 06:36:04+00',	'2022-04-21 17:18:58+00',	2,	NULL),
(587,	'en',	'Praesent blandit.',	'Integer ac leo.',	3396.16,	'2021-06-21 16:49:20+00',	'2021-05-10 00:32:25+00',	38,	NULL),
(588,	'en',	'Phasellus sit amet erat.',	'Nam congue, risus semper porta volutpat, quam pede lobortis ligula, sit amet eleifend pede libero quis orci. Nullam molestie nibh in lectus. Pellentesque at nulla. Suspendisse potenti. Cras in purus eu magna vulputate luctus.',	5469.94,	'2021-12-22 02:55:35+00',	'2022-01-08 00:05:42+00',	30,	NULL),
(589,	'en',	'Proin leo odio, porttitor id, consequat in, consequat ut, nulla.',	'Etiam justo. Etiam pretium iaculis justo. In hac habitasse platea dictumst. Etiam faucibus cursus urna. Ut tellus.',	3946.89,	'2022-02-28 20:13:41+00',	'2021-12-21 23:07:46+00',	25,	NULL),
(590,	'en',	'Cras in purus eu magna vulputate luctus.',	'Nunc purus. Phasellus in felis.',	9245.23,	'2021-10-03 13:11:42+00',	'2022-03-09 14:40:15+00',	33,	NULL),
(591,	'en',	'Morbi ut odio.',	'Nullam varius. Nulla facilisi. Cras non velit nec nisi vulputate nonummy.',	6733.77,	'2022-03-13 13:09:08+00',	'2021-11-18 21:29:27+00',	13,	NULL),
(592,	'en',	'Quisque erat eros, viverra eget, congue eget, semper rutrum, nulla.',	'Proin interdum mauris non ligula pellentesque ultrices. Phasellus id sapien in sapien iaculis congue.',	4721.26,	'2021-12-25 17:00:58+00',	'2022-02-08 03:32:08+00',	31,	NULL),
(593,	'en',	'Duis at velit eu est congue elementum.',	'In quis justo. Maecenas rhoncus aliquam lacus. Morbi quis tortor id nulla ultrices aliquet. Maecenas leo odio, condimentum id, luctus nec, molestie sed, justo.',	5021.09,	'2021-09-03 04:10:46+00',	'2021-10-09 23:36:58+00',	21,	NULL),
(594,	'en',	'Integer ac leo.',	'Pellentesque viverra pede ac diam.',	597.15,	'2021-12-14 20:13:06+00',	'2021-08-09 06:02:52+00',	5,	NULL),
(595,	'en',	'Nullam sit amet turpis elementum ligula vehicula consequat.',	'Praesent blandit. Nam nulla. Integer pede justo, lacinia eget, tincidunt eget, tempus vel, pede.',	4720.71,	'2022-04-13 15:42:15+00',	'2021-05-12 23:38:41+00',	18,	NULL),
(596,	'en',	'Mauris ullamcorper purus sit amet nulla.',	'Nullam molestie nibh in lectus. Pellentesque at nulla. Suspendisse potenti. Cras in purus eu magna vulputate luctus. Cum sociis natoque penatibus et magnis dis parturient montes, nascetur ridiculus mus.',	8649.72,	'2021-09-13 05:45:33+00',	'2021-12-27 10:07:38+00',	14,	NULL),
(597,	'en',	'Vestibulum ante ipsum primis in faucibus orci luctus et ultrices posuere cubilia Curae; Duis faucibus accumsan odio.',	'Pellentesque eget nunc.',	1211.77,	'2021-07-16 13:23:57+00',	'2021-09-03 23:57:31+00',	4,	NULL),
(598,	'en',	'Praesent id massa id nisl venenatis lacinia.',	'Morbi ut odio. Cras mi pede, malesuada in, imperdiet et, commodo vulputate, justo. In blandit ultrices enim. Lorem ipsum dolor sit amet, consectetuer adipiscing elit.',	4693.71,	'2021-12-04 09:28:43+00',	'2021-06-28 21:33:07+00',	8,	NULL),
(599,	'en',	'Nam tristique tortor eu pede.',	'Pellentesque at nulla. Suspendisse potenti.',	361.24,	'2021-11-27 02:25:16+00',	'2021-08-17 06:26:51+00',	17,	NULL),
(601,	'en',	'Nulla mollis molestie lorem.',	'Praesent id massa id nisl venenatis lacinia. Aenean sit amet justo. Morbi ut odio. Cras mi pede, malesuada in, imperdiet et, commodo vulputate, justo. In blandit ultrices enim.',	8584.67,	'2021-08-27 22:42:37+00',	'2022-02-19 19:30:19+00',	20,	NULL),
(602,	'en',	'Etiam pretium iaculis justo.',	'Vivamus metus arcu, adipiscing molestie, hendrerit at, vulputate vitae, nisl. Aenean lectus. Pellentesque eget nunc. Donec quis orci eget orci vehicula condimentum. Curabitur in libero ut massa volutpat convallis.',	1448.98,	'2021-10-26 23:22:22+00',	'2021-11-10 19:40:40+00',	38,	NULL),
(604,	'en',	'Vivamus vel nulla eget eros elementum pellentesque.',	'Proin at turpis a pede posuere nonummy.',	7484.64,	'2021-09-22 11:40:28+00',	'2021-05-12 15:27:29+00',	32,	NULL),
(605,	'en',	'Donec ut mauris eget massa tempor convallis.',	'Mauris sit amet eros. Suspendisse accumsan tortor quis turpis. Sed ante.',	9172.47,	'2022-01-11 19:00:46+00',	'2021-05-05 13:15:36+00',	35,	NULL),
(606,	'en',	'Ut at dolor quis odio consequat varius.',	'Aenean sit amet justo.',	8995.64,	'2021-05-18 00:21:01+00',	'2021-08-06 13:31:40+00',	37,	NULL),
(607,	'en',	'Morbi odio odio, elementum eu, interdum eu, tincidunt in, leo.',	'Mauris enim leo, rhoncus sed, vestibulum sit amet, cursus id, turpis. Integer aliquet, massa id lobortis convallis, tortor risus dapibus augue, vel accumsan tellus nisi eu orci. Mauris lacinia sapien quis libero. Nullam sit amet turpis elementum ligula vehicula consequat. Morbi a ipsum.',	3626.92,	'2022-01-26 06:50:23+00',	'2021-09-02 21:11:54+00',	2,	NULL),
(608,	'en',	'Duis ac nibh.',	'Morbi vel lectus in quam fringilla rhoncus. Mauris enim leo, rhoncus sed, vestibulum sit amet, cursus id, turpis. Integer aliquet, massa id lobortis convallis, tortor risus dapibus augue, vel accumsan tellus nisi eu orci.',	3679.03,	'2022-01-31 12:35:27+00',	'2021-05-14 13:12:46+00',	38,	NULL),
(611,	'en',	'In hac habitasse platea dictumst.',	'In hac habitasse platea dictumst.',	9016.91,	'2021-04-27 06:09:25+00',	'2021-08-01 13:46:06+00',	35,	NULL),
(612,	'en',	'Cras mi pede, malesuada in, imperdiet et, commodo vulputate, justo.',	'Morbi ut odio. Cras mi pede, malesuada in, imperdiet et, commodo vulputate, justo. In blandit ultrices enim. Lorem ipsum dolor sit amet, consectetuer adipiscing elit.',	7806.1,	'2021-06-09 15:18:00+00',	'2022-04-14 10:00:48+00',	5,	NULL),
(613,	'en',	'Aenean lectus.',	'Nulla suscipit ligula in lacus. Curabitur at ipsum ac tellus semper interdum. Mauris ullamcorper purus sit amet nulla.',	5453.18,	'2021-05-31 21:17:35+00',	'2021-12-14 23:23:48+00',	30,	NULL),
(614,	'en',	'Morbi vel lectus in quam fringilla rhoncus.',	'Cras non velit nec nisi vulputate nonummy.',	441.99,	'2021-07-29 01:10:43+00',	'2022-04-20 18:45:07+00',	32,	NULL),
(615,	'en',	'Morbi non lectus.',	'Duis bibendum, felis sed interdum venenatis, turpis enim blandit mi, in porttitor pede justo eu massa. Donec dapibus.',	5502.28,	'2022-04-21 23:02:28+00',	'2021-09-15 13:38:03+00',	5,	NULL),
(616,	'en',	'Nam tristique tortor eu pede.',	'Cras non velit nec nisi vulputate nonummy. Maecenas tincidunt lacus at velit. Vivamus vel nulla eget eros elementum pellentesque.',	113.98,	'2021-07-08 16:19:05+00',	'2021-07-05 00:31:45+00',	14,	NULL),
(617,	'en',	'Etiam justo.',	'Cras pellentesque volutpat dui. Maecenas tristique, est et tempus semper, est quam pharetra magna, ac consequat metus sapien ut nunc. Vestibulum ante ipsum primis in faucibus orci luctus et ultrices posuere cubilia Curae; Mauris viverra diam vitae quam. Suspendisse potenti.',	7689.71,	'2022-02-10 01:49:35+00',	'2021-06-03 08:54:39+00',	4,	NULL),
(619,	'en',	'Nulla ut erat id mauris vulputate elementum.',	'Suspendisse potenti.',	5775.18,	'2021-05-07 04:55:57+00',	'2022-01-19 14:44:11+00',	32,	NULL),
(620,	'en',	'Nulla facilisi.',	'Vestibulum ac est lacinia nisi venenatis tristique. Fusce congue, diam id ornare imperdiet, sapien urna pretium nisl, ut volutpat sapien arcu sed augue.',	8211.58,	'2022-01-25 10:37:48+00',	'2022-02-07 16:02:01+00',	35,	NULL),
(621,	'en',	'In hac habitasse platea dictumst.',	'Phasellus sit amet erat. Nulla tempus. Vivamus in felis eu sapien cursus vestibulum. Proin eu mi.',	9605.45,	'2021-10-14 06:10:39+00',	'2022-01-04 04:09:52+00',	28,	NULL),
(622,	'en',	'Donec semper sapien a libero.',	'Nulla facilisi. Cras non velit nec nisi vulputate nonummy. Maecenas tincidunt lacus at velit. Vivamus vel nulla eget eros elementum pellentesque. Quisque porta volutpat erat.',	4220.54,	'2022-04-11 06:56:13+00',	'2021-07-11 08:15:12+00',	1,	NULL),
(623,	'en',	'Praesent blandit lacinia erat.',	'Fusce congue, diam id ornare imperdiet, sapien urna pretium nisl, ut volutpat sapien arcu sed augue. Aliquam erat volutpat. In congue.',	4661.19,	'2021-08-10 01:57:51+00',	'2021-06-02 01:56:02+00',	31,	NULL),
(624,	'en',	'Vivamus tortor.',	'Duis aliquam convallis nunc. Proin at turpis a pede posuere nonummy.',	7928.4,	'2021-11-02 10:36:07+00',	'2021-06-03 22:51:24+00',	25,	NULL),
(625,	'en',	'Morbi non lectus.',	'Quisque arcu libero, rutrum ac, lobortis vel, dapibus at, diam.',	3564.07,	'2021-12-13 02:29:38+00',	'2022-01-20 17:57:37+00',	25,	NULL),
(626,	'en',	'Praesent id massa id nisl venenatis lacinia.',	'Nulla ut erat id mauris vulputate elementum. Nullam varius.',	1800.36,	'2021-06-21 21:23:56+00',	'2022-03-11 23:36:13+00',	1,	NULL),
(627,	'en',	'Fusce consequat.',	'Aliquam quis turpis eget elit sodales scelerisque. Mauris sit amet eros. Suspendisse accumsan tortor quis turpis.',	8211.11,	'2022-02-22 03:44:13+00',	'2022-02-12 01:11:54+00',	28,	NULL),
(630,	'en',	'Nunc purus.',	'Mauris ullamcorper purus sit amet nulla. Quisque arcu libero, rutrum ac, lobortis vel, dapibus at, diam.',	9206.66,	'2021-06-27 11:03:10+00',	'2021-07-08 11:28:11+00',	10,	NULL),
(938,	'en',	'Pellentesque viverra pede ac diam.',	'Praesent id massa id nisl venenatis lacinia. Aenean sit amet justo.',	5672.81,	'2021-08-23 07:20:25+00',	'2022-04-16 05:02:12+00',	30,	NULL),
(631,	'en',	'Mauris enim leo, rhoncus sed, vestibulum sit amet, cursus id, turpis.',	'Lorem ipsum dolor sit amet, consectetuer adipiscing elit. Proin interdum mauris non ligula pellentesque ultrices. Phasellus id sapien in sapien iaculis congue. Vivamus metus arcu, adipiscing molestie, hendrerit at, vulputate vitae, nisl. Aenean lectus.',	9613.68,	'2021-06-05 22:30:57+00',	'2022-02-28 21:20:04+00',	39,	NULL),
(632,	'en',	'Aenean lectus.',	'Vivamus tortor. Duis mattis egestas metus.',	9706.89,	'2021-10-13 17:33:50+00',	'2022-03-05 23:47:30+00',	8,	NULL),
(635,	'en',	'Ut at dolor quis odio consequat varius.',	'Maecenas ut massa quis augue luctus tincidunt.',	7348.55,	'2022-03-27 17:58:37+00',	'2022-03-25 08:14:35+00',	17,	NULL),
(636,	'en',	'Phasellus in felis.',	'Nullam sit amet turpis elementum ligula vehicula consequat. Morbi a ipsum.',	6650.86,	'2021-10-29 07:18:40+00',	'2021-09-23 04:23:56+00',	25,	NULL),
(637,	'en',	'In quis justo.',	'Duis consequat dui nec nisi volutpat eleifend. Donec ut dolor. Morbi vel lectus in quam fringilla rhoncus. Mauris enim leo, rhoncus sed, vestibulum sit amet, cursus id, turpis. Integer aliquet, massa id lobortis convallis, tortor risus dapibus augue, vel accumsan tellus nisi eu orci.',	2273.65,	'2022-01-17 23:10:54+00',	'2021-06-16 20:54:27+00',	22,	NULL),
(639,	'en',	'Praesent id massa id nisl venenatis lacinia.',	'Morbi vestibulum, velit id pretium iaculis, diam erat fermentum justo, nec condimentum neque sapien placerat ante. Nulla justo. Aliquam quis turpis eget elit sodales scelerisque. Mauris sit amet eros. Suspendisse accumsan tortor quis turpis.',	1639.99,	'2021-12-24 15:07:51+00',	'2021-10-27 05:02:28+00',	5,	NULL),
(640,	'en',	'Phasellus sit amet erat.',	'Mauris sit amet eros. Suspendisse accumsan tortor quis turpis. Sed ante. Vivamus tortor. Duis mattis egestas metus.',	5232.21,	'2022-02-19 01:51:16+00',	'2021-09-08 15:39:07+00',	20,	NULL),
(641,	'en',	'Donec posuere metus vitae ipsum.',	'Integer aliquet, massa id lobortis convallis, tortor risus dapibus augue, vel accumsan tellus nisi eu orci. Mauris lacinia sapien quis libero.',	2064.81,	'2021-06-06 07:44:06+00',	'2021-11-24 15:45:19+00',	17,	NULL),
(642,	'en',	'Curabitur at ipsum ac tellus semper interdum.',	'Maecenas tincidunt lacus at velit.',	693.88,	'2021-05-17 10:36:36+00',	'2022-04-05 16:34:44+00',	4,	NULL),
(643,	'en',	'In est risus, auctor sed, tristique in, tempus sit amet, sem.',	'Phasellus sit amet erat. Nulla tempus.',	2624.91,	'2021-09-09 17:02:31+00',	'2021-11-24 23:41:13+00',	22,	NULL),
(644,	'en',	'Curabitur convallis.',	'Etiam vel augue. Vestibulum rutrum rutrum neque. Aenean auctor gravida sem.',	6852.97,	'2021-10-04 22:17:44+00',	'2022-01-14 09:00:31+00',	3,	NULL),
(645,	'en',	'Nulla mollis molestie lorem.',	'Vestibulum ante ipsum primis in faucibus orci luctus et ultrices posuere cubilia Curae; Donec pharetra, magna vestibulum aliquet ultrices, erat tortor sollicitudin mi, sit amet lobortis sapien sapien non mi. Integer ac neque. Duis bibendum. Morbi non quam nec dui luctus rutrum.',	4846.41,	'2021-10-21 22:13:05+00',	'2021-05-24 05:16:39+00',	1,	NULL),
(646,	'en',	'Nam tristique tortor eu pede.',	'Aliquam non mauris. Morbi non lectus. Aliquam sit amet diam in magna bibendum imperdiet. Nullam orci pede, venenatis non, sodales sed, tincidunt eu, felis.',	5680.37,	'2021-08-20 14:40:45+00',	'2022-04-06 04:36:59+00',	1,	NULL),
(647,	'en',	'Donec ut dolor.',	'Phasellus id sapien in sapien iaculis congue. Vivamus metus arcu, adipiscing molestie, hendrerit at, vulputate vitae, nisl. Aenean lectus. Pellentesque eget nunc.',	1379.6,	'2022-04-05 23:31:03+00',	'2022-01-11 18:23:51+00',	39,	NULL),
(648,	'en',	'Pellentesque viverra pede ac diam.',	'Nulla suscipit ligula in lacus. Curabitur at ipsum ac tellus semper interdum. Mauris ullamcorper purus sit amet nulla. Quisque arcu libero, rutrum ac, lobortis vel, dapibus at, diam.',	6341.1,	'2022-01-31 17:16:48+00',	'2021-10-15 03:58:36+00',	32,	NULL),
(649,	'en',	'Proin risus.',	'Donec posuere metus vitae ipsum. Aliquam non mauris. Morbi non lectus.',	4171.48,	'2021-06-28 16:30:11+00',	'2022-01-05 01:23:11+00',	12,	NULL),
(650,	'en',	'Vestibulum sed magna at nunc commodo placerat.',	'Integer non velit.',	8646.29,	'2021-10-25 08:25:52+00',	'2021-09-18 21:42:06+00',	38,	NULL),
(651,	'en',	'Vestibulum ante ipsum primis in faucibus orci luctus et ultrices posuere cubilia Curae; Mauris viverra diam vitae quam.',	'Duis consequat dui nec nisi volutpat eleifend.',	2368.53,	'2022-03-29 07:21:52+00',	'2021-12-07 17:50:27+00',	33,	NULL),
(652,	'en',	'Cum sociis natoque penatibus et magnis dis parturient montes, nascetur ridiculus mus.',	'Mauris ullamcorper purus sit amet nulla.',	9130.52,	'2022-02-11 02:51:03+00',	'2021-08-18 02:12:07+00',	28,	NULL),
(653,	'en',	'Nam congue, risus semper porta volutpat, quam pede lobortis ligula, sit amet eleifend pede libero quis orci.',	'Cras non velit nec nisi vulputate nonummy. Maecenas tincidunt lacus at velit. Vivamus vel nulla eget eros elementum pellentesque.',	8018.8,	'2021-09-14 12:48:28+00',	'2021-10-20 14:57:22+00',	19,	NULL),
(654,	'en',	'Aliquam quis turpis eget elit sodales scelerisque.',	'Donec posuere metus vitae ipsum. Aliquam non mauris. Morbi non lectus.',	8352.7,	'2021-12-11 06:37:23+00',	'2021-08-19 20:21:57+00',	27,	NULL),
(655,	'en',	'Praesent id massa id nisl venenatis lacinia.',	'Aliquam quis turpis eget elit sodales scelerisque. Mauris sit amet eros. Suspendisse accumsan tortor quis turpis. Sed ante. Vivamus tortor.',	1497.96,	'2021-08-19 15:35:02+00',	'2021-06-11 01:26:43+00',	35,	NULL),
(656,	'en',	'Praesent id massa id nisl venenatis lacinia.',	'Curabitur in libero ut massa volutpat convallis.',	5910.89,	'2021-07-26 16:58:12+00',	'2021-07-19 13:49:08+00',	39,	NULL),
(657,	'en',	'Aliquam quis turpis eget elit sodales scelerisque.',	'Cras in purus eu magna vulputate luctus. Cum sociis natoque penatibus et magnis dis parturient montes, nascetur ridiculus mus.',	8102.05,	'2021-12-10 12:15:57+00',	'2022-04-17 04:20:03+00',	16,	NULL),
(658,	'en',	'Aenean fermentum.',	'Etiam justo.',	4668.1,	'2021-08-01 02:22:20+00',	'2021-08-08 11:23:44+00',	27,	NULL),
(660,	'en',	'Morbi vel lectus in quam fringilla rhoncus.',	'Vivamus tortor. Duis mattis egestas metus. Aenean fermentum.',	8051.73,	'2021-11-11 12:00:56+00',	'2021-05-22 17:55:04+00',	33,	NULL),
(661,	'en',	'Suspendisse potenti.',	'Vestibulum quam sapien, varius ut, blandit non, interdum in, ante. Vestibulum ante ipsum primis in faucibus orci luctus et ultrices posuere cubilia Curae; Duis faucibus accumsan odio. Curabitur convallis. Duis consequat dui nec nisi volutpat eleifend.',	9625.8,	'2022-04-20 11:59:32+00',	'2021-07-30 22:01:18+00',	8,	NULL),
(662,	'en',	'Morbi vestibulum, velit id pretium iaculis, diam erat fermentum justo, nec condimentum neque sapien placerat ante.',	'Morbi vestibulum, velit id pretium iaculis, diam erat fermentum justo, nec condimentum neque sapien placerat ante. Nulla justo.',	884.44,	'2021-09-27 15:37:47+00',	'2021-05-03 14:59:08+00',	34,	NULL),
(663,	'en',	'Nulla ut erat id mauris vulputate elementum.',	'Fusce congue, diam id ornare imperdiet, sapien urna pretium nisl, ut volutpat sapien arcu sed augue.',	1314.6,	'2022-03-19 02:37:10+00',	'2021-11-02 03:34:25+00',	27,	NULL),
(665,	'en',	'Cum sociis natoque penatibus et magnis dis parturient montes, nascetur ridiculus mus.',	'Fusce consequat. Nulla nisl. Nunc nisl. Duis bibendum, felis sed interdum venenatis, turpis enim blandit mi, in porttitor pede justo eu massa.',	4302.23,	'2021-12-11 11:29:22+00',	'2021-12-30 05:47:11+00',	35,	NULL),
(667,	'en',	'Morbi non lectus.',	'Cras non velit nec nisi vulputate nonummy.',	1453.58,	'2022-04-07 07:18:21+00',	'2021-08-22 01:38:21+00',	8,	NULL),
(668,	'en',	'Morbi odio odio, elementum eu, interdum eu, tincidunt in, leo.',	'Morbi non quam nec dui luctus rutrum. Nulla tellus. In sagittis dui vel nisl. Duis ac nibh. Fusce lacus purus, aliquet at, feugiat non, pretium quis, lectus.',	2240.56,	'2021-06-11 06:04:12+00',	'2022-01-08 20:53:45+00',	32,	NULL),
(669,	'en',	'Vivamus tortor.',	'Duis consequat dui nec nisi volutpat eleifend. Donec ut dolor. Morbi vel lectus in quam fringilla rhoncus. Mauris enim leo, rhoncus sed, vestibulum sit amet, cursus id, turpis. Integer aliquet, massa id lobortis convallis, tortor risus dapibus augue, vel accumsan tellus nisi eu orci.',	8492.66,	'2021-09-17 04:48:41+00',	'2022-02-08 18:56:21+00',	8,	NULL),
(670,	'en',	'Nam nulla.',	'Donec semper sapien a libero. Nam dui.',	261.4,	'2021-12-06 19:03:36+00',	'2021-05-23 01:23:09+00',	32,	NULL),
(671,	'en',	'Ut tellus.',	'Donec semper sapien a libero. Nam dui. Proin leo odio, porttitor id, consequat in, consequat ut, nulla. Sed accumsan felis.',	7678.34,	'2021-06-19 18:14:19+00',	'2021-06-06 15:47:23+00',	12,	NULL),
(672,	'en',	'Nunc rhoncus dui vel sem.',	'Nulla mollis molestie lorem.',	8306.41,	'2022-01-16 18:21:57+00',	'2021-05-19 09:42:03+00',	14,	NULL),
(673,	'en',	'Nulla tempus.',	'Fusce consequat.',	6433.76,	'2021-12-28 12:28:33+00',	'2021-08-01 00:00:13+00',	38,	NULL),
(674,	'en',	'Nullam molestie nibh in lectus.',	'Donec odio justo, sollicitudin ut, suscipit a, feugiat et, eros. Vestibulum ac est lacinia nisi venenatis tristique. Fusce congue, diam id ornare imperdiet, sapien urna pretium nisl, ut volutpat sapien arcu sed augue. Aliquam erat volutpat.',	5149.97,	'2022-03-26 22:07:30+00',	'2021-11-19 01:50:24+00',	21,	NULL),
(675,	'en',	'Duis consequat dui nec nisi volutpat eleifend.',	'Nulla nisl. Nunc nisl.',	8497.1,	'2021-09-11 18:28:51+00',	'2022-02-09 11:01:50+00',	34,	NULL),
(676,	'en',	'Vestibulum ante ipsum primis in faucibus orci luctus et ultrices posuere cubilia Curae; Nulla dapibus dolor vel est.',	'Duis bibendum, felis sed interdum venenatis, turpis enim blandit mi, in porttitor pede justo eu massa. Donec dapibus. Duis at velit eu est congue elementum.',	2123.84,	'2021-09-19 06:21:58+00',	'2021-10-01 13:33:15+00',	3,	NULL),
(677,	'en',	'Mauris ullamcorper purus sit amet nulla.',	'Sed sagittis.',	5172.16,	'2022-04-07 17:51:39+00',	'2021-12-07 01:14:50+00',	36,	NULL),
(678,	'en',	'Nam ultrices, libero non mattis pulvinar, nulla pede ullamcorper augue, a suscipit nulla elit ac nulla.',	'In quis justo.',	6756.13,	'2021-07-27 07:52:07+00',	'2021-04-27 22:53:00+00',	1,	NULL),
(679,	'en',	'In quis justo.',	'Vestibulum ante ipsum primis in faucibus orci luctus et ultrices posuere cubilia Curae; Duis faucibus accumsan odio. Curabitur convallis. Duis consequat dui nec nisi volutpat eleifend.',	4404.74,	'2022-01-26 12:24:42+00',	'2021-05-25 10:41:48+00',	27,	NULL),
(680,	'en',	'Duis bibendum, felis sed interdum venenatis, turpis enim blandit mi, in porttitor pede justo eu massa.',	'Proin at turpis a pede posuere nonummy. Integer non velit.',	1490.22,	'2021-11-28 19:44:42+00',	'2021-10-30 23:56:42+00',	36,	NULL),
(681,	'en',	'In blandit ultrices enim.',	'Vestibulum sed magna at nunc commodo placerat. Praesent blandit. Nam nulla.',	1520.75,	'2021-08-17 05:36:04+00',	'2022-04-06 07:26:34+00',	13,	NULL),
(683,	'en',	'Nulla suscipit ligula in lacus.',	'Nulla tellus. In sagittis dui vel nisl. Duis ac nibh. Fusce lacus purus, aliquet at, feugiat non, pretium quis, lectus.',	8161.56,	'2022-03-13 08:50:39+00',	'2021-09-09 09:09:17+00',	4,	NULL),
(684,	'en',	'Morbi odio odio, elementum eu, interdum eu, tincidunt in, leo.',	'Pellentesque viverra pede ac diam. Cras pellentesque volutpat dui.',	2616.89,	'2021-11-12 05:13:55+00',	'2021-12-15 01:16:17+00',	8,	NULL),
(685,	'en',	'Quisque ut erat.',	'In congue. Etiam justo. Etiam pretium iaculis justo. In hac habitasse platea dictumst. Etiam faucibus cursus urna.',	1572.67,	'2021-06-13 15:01:59+00',	'2021-05-25 16:27:36+00',	13,	NULL),
(686,	'en',	'Nulla ac enim.',	'Duis bibendum. Morbi non quam nec dui luctus rutrum. Nulla tellus. In sagittis dui vel nisl.',	3829.05,	'2022-04-10 10:03:30+00',	'2021-12-20 16:07:28+00',	4,	NULL),
(688,	'en',	'Phasellus in felis.',	'Aliquam non mauris.',	8902,	'2022-01-23 16:34:45+00',	'2021-07-25 22:35:28+00',	15,	NULL),
(690,	'en',	'Nullam varius.',	'Vestibulum quam sapien, varius ut, blandit non, interdum in, ante. Vestibulum ante ipsum primis in faucibus orci luctus et ultrices posuere cubilia Curae; Duis faucibus accumsan odio.',	4705.2,	'2021-05-04 00:56:05+00',	'2022-02-08 16:04:05+00',	18,	NULL),
(691,	'en',	'Integer non velit.',	'Proin at turpis a pede posuere nonummy. Integer non velit. Donec diam neque, vestibulum eget, vulputate ut, ultrices vel, augue. Vestibulum ante ipsum primis in faucibus orci luctus et ultrices posuere cubilia Curae; Donec pharetra, magna vestibulum aliquet ultrices, erat tortor sollicitudin mi, sit amet lobortis sapien sapien non mi.',	604.99,	'2021-09-04 07:10:22+00',	'2021-11-19 01:51:49+00',	15,	NULL),
(692,	'en',	'Lorem ipsum dolor sit amet, consectetuer adipiscing elit.',	'Donec quis orci eget orci vehicula condimentum. Curabitur in libero ut massa volutpat convallis.',	6414.67,	'2021-05-02 20:41:48+00',	'2021-08-30 20:40:32+00',	1,	NULL),
(693,	'en',	'Nulla ac enim.',	'Proin at turpis a pede posuere nonummy. Integer non velit. Donec diam neque, vestibulum eget, vulputate ut, ultrices vel, augue. Vestibulum ante ipsum primis in faucibus orci luctus et ultrices posuere cubilia Curae; Donec pharetra, magna vestibulum aliquet ultrices, erat tortor sollicitudin mi, sit amet lobortis sapien sapien non mi.',	6573.93,	'2022-03-04 16:08:25+00',	'2022-03-03 17:11:39+00',	36,	NULL),
(695,	'en',	'Fusce congue, diam id ornare imperdiet, sapien urna pretium nisl, ut volutpat sapien arcu sed augue.',	'Etiam justo.',	7116.88,	'2021-05-30 15:46:25+00',	'2021-05-05 20:23:11+00',	33,	NULL),
(696,	'en',	'Integer aliquet, massa id lobortis convallis, tortor risus dapibus augue, vel accumsan tellus nisi eu orci.',	'Vestibulum sed magna at nunc commodo placerat. Praesent blandit. Nam nulla.',	6872.53,	'2022-01-23 15:37:18+00',	'2021-11-02 13:48:06+00',	16,	NULL),
(697,	'en',	'Aliquam augue quam, sollicitudin vitae, consectetuer eget, rutrum at, lorem.',	'Vivamus in felis eu sapien cursus vestibulum.',	8647.82,	'2021-05-14 05:03:10+00',	'2021-06-07 14:36:08+00',	27,	NULL),
(698,	'en',	'In est risus, auctor sed, tristique in, tempus sit amet, sem.',	'Nam ultrices, libero non mattis pulvinar, nulla pede ullamcorper augue, a suscipit nulla elit ac nulla. Sed vel enim sit amet nunc viverra dapibus.',	5805.36,	'2022-02-22 07:45:04+00',	'2021-09-22 14:13:25+00',	35,	NULL),
(699,	'en',	'Vestibulum ante ipsum primis in faucibus orci luctus et ultrices posuere cubilia Curae; Duis faucibus accumsan odio.',	'Nunc purus. Phasellus in felis. Donec semper sapien a libero. Nam dui.',	2961.37,	'2021-10-22 06:58:33+00',	'2022-01-13 18:03:36+00',	11,	NULL),
(700,	'en',	'Suspendisse potenti.',	'Cras in purus eu magna vulputate luctus.',	6203.86,	'2022-03-14 12:48:49+00',	'2022-01-24 13:55:15+00',	2,	NULL),
(701,	'en',	'Pellentesque viverra pede ac diam.',	'Nulla mollis molestie lorem. Quisque ut erat. Curabitur gravida nisi at nibh. In hac habitasse platea dictumst. Aliquam augue quam, sollicitudin vitae, consectetuer eget, rutrum at, lorem.',	3850.03,	'2021-05-22 14:22:57+00',	'2021-11-22 19:38:38+00',	8,	NULL),
(702,	'en',	'Vestibulum ante ipsum primis in faucibus orci luctus et ultrices posuere cubilia Curae; Duis faucibus accumsan odio.',	'Etiam justo.',	5107.74,	'2021-05-31 14:05:13+00',	'2021-12-07 17:46:46+00',	3,	NULL),
(703,	'en',	'Integer pede justo, lacinia eget, tincidunt eget, tempus vel, pede.',	'Nulla justo. Aliquam quis turpis eget elit sodales scelerisque. Mauris sit amet eros.',	2688.27,	'2021-08-26 14:42:38+00',	'2021-05-19 21:33:52+00',	13,	NULL),
(704,	'en',	'Aliquam quis turpis eget elit sodales scelerisque.',	'In hac habitasse platea dictumst.',	9058.68,	'2022-01-04 00:57:25+00',	'2021-10-19 04:10:14+00',	38,	NULL),
(705,	'en',	'Nam dui.',	'Vestibulum ante ipsum primis in faucibus orci luctus et ultrices posuere cubilia Curae; Nulla dapibus dolor vel est. Donec odio justo, sollicitudin ut, suscipit a, feugiat et, eros. Vestibulum ac est lacinia nisi venenatis tristique.',	2038.19,	'2021-09-24 04:31:40+00',	'2021-11-12 09:17:18+00',	21,	NULL),
(708,	'en',	'Quisque arcu libero, rutrum ac, lobortis vel, dapibus at, diam.',	'Pellentesque eget nunc. Donec quis orci eget orci vehicula condimentum. Curabitur in libero ut massa volutpat convallis. Morbi odio odio, elementum eu, interdum eu, tincidunt in, leo. Maecenas pulvinar lobortis est.',	3234.83,	'2021-11-17 01:54:41+00',	'2021-06-26 00:04:18+00',	14,	NULL),
(709,	'en',	'Maecenas rhoncus aliquam lacus.',	'Maecenas rhoncus aliquam lacus. Morbi quis tortor id nulla ultrices aliquet. Maecenas leo odio, condimentum id, luctus nec, molestie sed, justo. Pellentesque viverra pede ac diam. Cras pellentesque volutpat dui.',	8007.64,	'2022-04-25 12:43:52+00',	'2021-09-05 02:14:46+00',	33,	NULL),
(710,	'en',	'Quisque arcu libero, rutrum ac, lobortis vel, dapibus at, diam.',	'Maecenas ut massa quis augue luctus tincidunt. Nulla mollis molestie lorem. Quisque ut erat. Curabitur gravida nisi at nibh. In hac habitasse platea dictumst.',	7068.82,	'2021-12-02 18:37:05+00',	'2021-06-29 17:25:11+00',	38,	NULL),
(711,	'en',	'Duis at velit eu est congue elementum.',	'Nunc purus. Phasellus in felis. Donec semper sapien a libero. Nam dui.',	3707.75,	'2022-01-02 10:44:19+00',	'2021-11-17 09:38:23+00',	30,	NULL),
(712,	'en',	'Fusce lacus purus, aliquet at, feugiat non, pretium quis, lectus.',	'Integer aliquet, massa id lobortis convallis, tortor risus dapibus augue, vel accumsan tellus nisi eu orci. Mauris lacinia sapien quis libero. Nullam sit amet turpis elementum ligula vehicula consequat. Morbi a ipsum. Integer a nibh.',	8709.5,	'2022-01-09 21:05:02+00',	'2022-04-18 17:09:31+00',	19,	NULL),
(714,	'en',	'Curabitur at ipsum ac tellus semper interdum.',	'Morbi non quam nec dui luctus rutrum.',	9561.93,	'2022-04-19 17:03:48+00',	'2022-01-07 18:39:16+00',	4,	NULL),
(715,	'en',	'Duis mattis egestas metus.',	'Morbi ut odio. Cras mi pede, malesuada in, imperdiet et, commodo vulputate, justo.',	8124.58,	'2021-10-26 08:55:42+00',	'2021-08-05 09:34:50+00',	30,	NULL),
(716,	'en',	'Cras non velit nec nisi vulputate nonummy.',	'Nulla ut erat id mauris vulputate elementum.',	709.23,	'2021-09-03 07:48:06+00',	'2021-05-20 21:21:42+00',	20,	NULL),
(717,	'en',	'Nulla facilisi.',	'Aenean fermentum. Donec ut mauris eget massa tempor convallis. Nulla neque libero, convallis eget, eleifend luctus, ultricies eu, nibh.',	2843.81,	'2021-06-26 22:39:10+00',	'2021-07-14 10:26:22+00',	29,	NULL),
(718,	'en',	'Morbi a ipsum.',	'Mauris enim leo, rhoncus sed, vestibulum sit amet, cursus id, turpis. Integer aliquet, massa id lobortis convallis, tortor risus dapibus augue, vel accumsan tellus nisi eu orci.',	5316,	'2021-10-22 16:51:10+00',	'2021-06-17 08:04:01+00',	36,	NULL),
(719,	'en',	'Ut tellus.',	'Nulla ut erat id mauris vulputate elementum.',	5551.97,	'2021-09-25 10:06:15+00',	'2022-02-14 05:25:52+00',	8,	NULL),
(720,	'en',	'Morbi vestibulum, velit id pretium iaculis, diam erat fermentum justo, nec condimentum neque sapien placerat ante.',	'Vivamus tortor.',	5080.51,	'2021-12-04 18:10:56+00',	'2022-01-23 21:05:52+00',	4,	NULL),
(721,	'en',	'Fusce lacus purus, aliquet at, feugiat non, pretium quis, lectus.',	'Fusce congue, diam id ornare imperdiet, sapien urna pretium nisl, ut volutpat sapien arcu sed augue. Aliquam erat volutpat. In congue. Etiam justo. Etiam pretium iaculis justo.',	7688.89,	'2021-05-27 13:20:56+00',	'2021-07-01 21:14:29+00',	11,	NULL),
(722,	'en',	'Etiam pretium iaculis justo.',	'Fusce consequat. Nulla nisl. Nunc nisl. Duis bibendum, felis sed interdum venenatis, turpis enim blandit mi, in porttitor pede justo eu massa.',	1471.84,	'2021-10-29 13:02:12+00',	'2022-04-13 20:18:24+00',	32,	NULL),
(723,	'en',	'Vivamus tortor.',	'Vivamus tortor.',	1047.1,	'2021-12-31 10:59:15+00',	'2021-07-09 12:22:12+00',	13,	NULL),
(724,	'en',	'In hac habitasse platea dictumst.',	'Proin risus.',	7176.65,	'2022-02-25 17:58:27+00',	'2021-08-12 09:51:32+00',	13,	NULL),
(725,	'en',	'Duis bibendum.',	'Nam congue, risus semper porta volutpat, quam pede lobortis ligula, sit amet eleifend pede libero quis orci. Nullam molestie nibh in lectus. Pellentesque at nulla.',	5547.4,	'2021-10-23 06:35:23+00',	'2021-05-19 14:41:43+00',	29,	NULL),
(726,	'en',	'Morbi non lectus.',	'Mauris sit amet eros. Suspendisse accumsan tortor quis turpis. Sed ante.',	2126.76,	'2022-01-21 07:00:43+00',	'2021-08-03 17:04:00+00',	16,	NULL),
(727,	'en',	'Suspendisse accumsan tortor quis turpis.',	'Aliquam non mauris. Morbi non lectus. Aliquam sit amet diam in magna bibendum imperdiet. Nullam orci pede, venenatis non, sodales sed, tincidunt eu, felis.',	3232.77,	'2021-12-24 05:09:27+00',	'2021-08-22 04:24:35+00',	27,	NULL),
(728,	'en',	'Nulla neque libero, convallis eget, eleifend luctus, ultricies eu, nibh.',	'Nulla tempus.',	8314.72,	'2021-10-25 21:16:10+00',	'2021-10-29 13:14:52+00',	2,	NULL),
(729,	'en',	'Nullam porttitor lacus at turpis.',	'Fusce posuere felis sed lacus. Morbi sem mauris, laoreet ut, rhoncus aliquet, pulvinar sed, nisl.',	1464.31,	'2021-11-17 03:06:31+00',	'2022-03-27 09:26:40+00',	7,	NULL),
(730,	'en',	'Nulla neque libero, convallis eget, eleifend luctus, ultricies eu, nibh.',	'Nam nulla. Integer pede justo, lacinia eget, tincidunt eget, tempus vel, pede. Morbi porttitor lorem id ligula. Suspendisse ornare consequat lectus. In est risus, auctor sed, tristique in, tempus sit amet, sem.',	8879.51,	'2021-06-17 09:50:44+00',	'2022-02-06 06:25:21+00',	25,	NULL),
(731,	'en',	'Vestibulum rutrum rutrum neque.',	'Lorem ipsum dolor sit amet, consectetuer adipiscing elit. Proin interdum mauris non ligula pellentesque ultrices. Phasellus id sapien in sapien iaculis congue. Vivamus metus arcu, adipiscing molestie, hendrerit at, vulputate vitae, nisl. Aenean lectus.',	3918.34,	'2021-08-18 09:37:13+00',	'2021-07-18 01:59:44+00',	22,	NULL),
(732,	'en',	'In eleifend quam a odio.',	'Integer a nibh. In quis justo. Maecenas rhoncus aliquam lacus. Morbi quis tortor id nulla ultrices aliquet. Maecenas leo odio, condimentum id, luctus nec, molestie sed, justo.',	6909.28,	'2021-05-28 17:22:52+00',	'2022-02-21 13:32:02+00',	12,	NULL),
(733,	'en',	'Sed ante.',	'Integer pede justo, lacinia eget, tincidunt eget, tempus vel, pede. Morbi porttitor lorem id ligula. Suspendisse ornare consequat lectus.',	5638.91,	'2021-05-01 01:14:49+00',	'2021-06-04 05:14:30+00',	14,	NULL),
(734,	'en',	'Integer tincidunt ante vel ipsum.',	'Nulla neque libero, convallis eget, eleifend luctus, ultricies eu, nibh. Quisque id justo sit amet sapien dignissim vestibulum. Vestibulum ante ipsum primis in faucibus orci luctus et ultrices posuere cubilia Curae; Nulla dapibus dolor vel est. Donec odio justo, sollicitudin ut, suscipit a, feugiat et, eros. Vestibulum ac est lacinia nisi venenatis tristique.',	6012.56,	'2021-09-17 20:55:20+00',	'2021-11-28 14:29:14+00',	19,	NULL),
(735,	'en',	'Fusce congue, diam id ornare imperdiet, sapien urna pretium nisl, ut volutpat sapien arcu sed augue.',	'Nam dui. Proin leo odio, porttitor id, consequat in, consequat ut, nulla. Sed accumsan felis.',	4564.04,	'2021-05-22 01:42:22+00',	'2021-11-12 07:38:46+00',	10,	NULL),
(736,	'en',	'Proin leo odio, porttitor id, consequat in, consequat ut, nulla.',	'Maecenas leo odio, condimentum id, luctus nec, molestie sed, justo. Pellentesque viverra pede ac diam. Cras pellentesque volutpat dui. Maecenas tristique, est et tempus semper, est quam pharetra magna, ac consequat metus sapien ut nunc. Vestibulum ante ipsum primis in faucibus orci luctus et ultrices posuere cubilia Curae; Mauris viverra diam vitae quam.',	1015.81,	'2021-07-16 07:02:46+00',	'2021-06-12 16:30:37+00',	5,	NULL),
(739,	'en',	'Aliquam quis turpis eget elit sodales scelerisque.',	'Praesent id massa id nisl venenatis lacinia. Aenean sit amet justo. Morbi ut odio.',	1006.02,	'2021-05-16 00:09:27+00',	'2021-05-06 22:12:08+00',	19,	NULL),
(740,	'en',	'Vestibulum quam sapien, varius ut, blandit non, interdum in, ante.',	'Nam nulla. Integer pede justo, lacinia eget, tincidunt eget, tempus vel, pede.',	7384.07,	'2021-08-11 04:11:07+00',	'2021-11-22 04:28:01+00',	2,	NULL),
(741,	'en',	'Integer tincidunt ante vel ipsum.',	'Vivamus vestibulum sagittis sapien.',	7744.49,	'2021-06-24 23:06:29+00',	'2021-09-23 02:10:51+00',	27,	NULL),
(742,	'en',	'Nullam porttitor lacus at turpis.',	'Integer ac neque.',	2965.94,	'2021-05-01 18:39:17+00',	'2022-04-07 00:41:23+00',	25,	NULL),
(744,	'en',	'Quisque porta volutpat erat.',	'Donec vitae nisi.',	4483.6,	'2022-03-31 00:31:25+00',	'2021-05-19 16:00:55+00',	17,	NULL),
(746,	'en',	'Praesent blandit.',	'Nam nulla. Integer pede justo, lacinia eget, tincidunt eget, tempus vel, pede.',	7335.68,	'2021-04-28 08:49:22+00',	'2022-03-22 08:36:41+00',	29,	NULL),
(748,	'en',	'Vestibulum quam sapien, varius ut, blandit non, interdum in, ante.',	'Nullam molestie nibh in lectus.',	5355.73,	'2021-06-23 06:59:21+00',	'2021-12-18 18:00:45+00',	20,	NULL),
(749,	'en',	'Nulla ut erat id mauris vulputate elementum.',	'Proin leo odio, porttitor id, consequat in, consequat ut, nulla. Sed accumsan felis. Ut at dolor quis odio consequat varius. Integer ac leo.',	4171.8,	'2021-06-30 22:05:59+00',	'2021-05-26 18:18:04+00',	34,	NULL),
(750,	'en',	'Mauris sit amet eros.',	'Pellentesque viverra pede ac diam. Cras pellentesque volutpat dui. Maecenas tristique, est et tempus semper, est quam pharetra magna, ac consequat metus sapien ut nunc. Vestibulum ante ipsum primis in faucibus orci luctus et ultrices posuere cubilia Curae; Mauris viverra diam vitae quam. Suspendisse potenti.',	3397.85,	'2022-03-28 09:16:14+00',	'2021-11-10 04:34:53+00',	14,	NULL),
(751,	'en',	'Sed sagittis.',	'Cras non velit nec nisi vulputate nonummy. Maecenas tincidunt lacus at velit. Vivamus vel nulla eget eros elementum pellentesque. Quisque porta volutpat erat.',	4717.33,	'2022-01-03 18:45:40+00',	'2021-09-20 09:55:37+00',	36,	NULL),
(752,	'en',	'Fusce posuere felis sed lacus.',	'Nullam molestie nibh in lectus.',	5604.98,	'2021-08-15 12:30:24+00',	'2022-01-19 10:01:16+00',	15,	NULL),
(754,	'en',	'Integer pede justo, lacinia eget, tincidunt eget, tempus vel, pede.',	'Aenean auctor gravida sem.',	1636.75,	'2021-08-30 02:57:24+00',	'2021-07-04 17:03:11+00',	8,	NULL),
(755,	'en',	'Integer ac neque.',	'Proin eu mi. Nulla ac enim. In tempor, turpis nec euismod scelerisque, quam turpis adipiscing lorem, vitae mattis nibh ligula nec sem. Duis aliquam convallis nunc.',	7570.25,	'2021-12-01 14:53:02+00',	'2022-02-06 21:02:44+00',	18,	NULL),
(756,	'en',	'Curabitur gravida nisi at nibh.',	'Donec dapibus. Duis at velit eu est congue elementum.',	6815.83,	'2021-06-02 06:25:17+00',	'2021-06-11 19:23:01+00',	20,	NULL),
(758,	'en',	'Nulla nisl.',	'Vivamus tortor. Duis mattis egestas metus. Aenean fermentum. Donec ut mauris eget massa tempor convallis. Nulla neque libero, convallis eget, eleifend luctus, ultricies eu, nibh.',	3122.4,	'2021-05-14 13:40:27+00',	'2021-12-25 22:02:15+00',	7,	NULL),
(759,	'en',	'Lorem ipsum dolor sit amet, consectetuer adipiscing elit.',	'Duis bibendum. Morbi non quam nec dui luctus rutrum.',	6000.25,	'2022-01-11 05:09:22+00',	'2022-04-06 20:44:17+00',	10,	NULL),
(760,	'en',	'Nulla mollis molestie lorem.',	'Nullam molestie nibh in lectus. Pellentesque at nulla. Suspendisse potenti. Cras in purus eu magna vulputate luctus.',	9429.74,	'2021-07-06 09:59:09+00',	'2021-08-07 13:45:50+00',	27,	NULL),
(761,	'en',	'Phasellus sit amet erat.',	'Aliquam augue quam, sollicitudin vitae, consectetuer eget, rutrum at, lorem. Integer tincidunt ante vel ipsum. Praesent blandit lacinia erat. Vestibulum sed magna at nunc commodo placerat.',	1834.45,	'2022-04-22 06:51:44+00',	'2021-04-26 00:49:55+00',	33,	NULL),
(762,	'en',	'Curabitur gravida nisi at nibh.',	'Fusce lacus purus, aliquet at, feugiat non, pretium quis, lectus. Suspendisse potenti. In eleifend quam a odio. In hac habitasse platea dictumst. Maecenas ut massa quis augue luctus tincidunt.',	9086.67,	'2022-02-04 02:01:26+00',	'2021-11-26 10:50:01+00',	25,	NULL),
(763,	'en',	'Fusce congue, diam id ornare imperdiet, sapien urna pretium nisl, ut volutpat sapien arcu sed augue.',	'Duis bibendum. Morbi non quam nec dui luctus rutrum. Nulla tellus. In sagittis dui vel nisl. Duis ac nibh.',	1823.22,	'2021-10-13 18:13:30+00',	'2021-08-02 18:15:45+00',	13,	NULL),
(764,	'en',	'Maecenas tincidunt lacus at velit.',	'Cras mi pede, malesuada in, imperdiet et, commodo vulputate, justo. In blandit ultrices enim.',	8019.56,	'2021-08-04 07:24:34+00',	'2022-03-21 19:24:03+00',	29,	NULL),
(765,	'en',	'Integer non velit.',	'Integer ac neque.',	8871.63,	'2021-10-10 07:54:57+00',	'2021-10-04 15:57:29+00',	15,	NULL),
(766,	'en',	'Duis ac nibh.',	'Donec quis orci eget orci vehicula condimentum. Curabitur in libero ut massa volutpat convallis. Morbi odio odio, elementum eu, interdum eu, tincidunt in, leo. Maecenas pulvinar lobortis est.',	9979.01,	'2021-05-27 23:15:03+00',	'2021-10-09 16:56:39+00',	13,	NULL),
(767,	'en',	'Fusce posuere felis sed lacus.',	'Nam ultrices, libero non mattis pulvinar, nulla pede ullamcorper augue, a suscipit nulla elit ac nulla. Sed vel enim sit amet nunc viverra dapibus. Nulla suscipit ligula in lacus.',	3841.73,	'2021-06-05 23:53:16+00',	'2021-11-29 19:52:35+00',	13,	NULL),
(768,	'en',	'In hac habitasse platea dictumst.',	'Donec posuere metus vitae ipsum. Aliquam non mauris. Morbi non lectus. Aliquam sit amet diam in magna bibendum imperdiet.',	3894.41,	'2021-09-28 22:19:38+00',	'2021-12-11 22:54:08+00',	11,	NULL),
(769,	'en',	'Mauris ullamcorper purus sit amet nulla.',	'Vivamus vestibulum sagittis sapien.',	3926.5,	'2021-09-21 10:01:04+00',	'2022-01-22 23:47:06+00',	15,	NULL),
(770,	'en',	'Mauris lacinia sapien quis libero.',	'Proin risus.',	722.86,	'2021-10-22 07:13:52+00',	'2021-07-29 12:18:21+00',	35,	NULL),
(771,	'en',	'Morbi sem mauris, laoreet ut, rhoncus aliquet, pulvinar sed, nisl.',	'Nulla justo. Aliquam quis turpis eget elit sodales scelerisque.',	6346.88,	'2022-03-11 14:52:35+00',	'2021-11-16 23:19:12+00',	11,	NULL),
(773,	'en',	'Duis aliquam convallis nunc.',	'Aliquam augue quam, sollicitudin vitae, consectetuer eget, rutrum at, lorem. Integer tincidunt ante vel ipsum. Praesent blandit lacinia erat. Vestibulum sed magna at nunc commodo placerat.',	8483.42,	'2022-04-14 21:46:33+00',	'2022-04-22 01:30:23+00',	8,	NULL),
(774,	'en',	'Suspendisse accumsan tortor quis turpis.',	'Vestibulum ante ipsum primis in faucibus orci luctus et ultrices posuere cubilia Curae; Mauris viverra diam vitae quam. Suspendisse potenti. Nullam porttitor lacus at turpis. Donec posuere metus vitae ipsum.',	7672.73,	'2021-06-05 15:07:01+00',	'2022-02-09 05:43:04+00',	18,	NULL),
(775,	'en',	'Ut tellus.',	'Duis consequat dui nec nisi volutpat eleifend. Donec ut dolor. Morbi vel lectus in quam fringilla rhoncus. Mauris enim leo, rhoncus sed, vestibulum sit amet, cursus id, turpis.',	1021.68,	'2021-08-17 02:12:20+00',	'2021-09-21 06:23:08+00',	25,	NULL),
(776,	'en',	'Ut at dolor quis odio consequat varius.',	'Maecenas ut massa quis augue luctus tincidunt. Nulla mollis molestie lorem. Quisque ut erat.',	5174.23,	'2022-01-17 23:33:24+00',	'2021-08-02 14:33:31+00',	2,	NULL),
(777,	'en',	'Quisque ut erat.',	'Duis mattis egestas metus. Aenean fermentum.',	2875.62,	'2022-03-05 06:02:56+00',	'2021-08-19 07:09:15+00',	38,	NULL),
(778,	'en',	'Donec posuere metus vitae ipsum.',	'Praesent blandit lacinia erat.',	5623.51,	'2021-09-11 10:59:27+00',	'2021-06-21 02:12:59+00',	28,	NULL),
(779,	'en',	'Integer a nibh.',	'Sed ante. Vivamus tortor.',	2781.16,	'2021-05-15 17:09:34+00',	'2021-06-11 16:40:42+00',	15,	NULL),
(780,	'en',	'Fusce consequat.',	'Fusce posuere felis sed lacus.',	7508.17,	'2022-04-08 06:56:00+00',	'2021-09-03 22:37:24+00',	33,	NULL),
(781,	'en',	'Curabitur gravida nisi at nibh.',	'Donec semper sapien a libero. Nam dui. Proin leo odio, porttitor id, consequat in, consequat ut, nulla. Sed accumsan felis. Ut at dolor quis odio consequat varius.',	1171.17,	'2022-02-24 16:52:36+00',	'2021-07-25 17:19:43+00',	27,	NULL),
(782,	'en',	'Maecenas tincidunt lacus at velit.',	'Curabitur gravida nisi at nibh. In hac habitasse platea dictumst. Aliquam augue quam, sollicitudin vitae, consectetuer eget, rutrum at, lorem. Integer tincidunt ante vel ipsum.',	8308.29,	'2021-09-27 03:21:35+00',	'2021-08-01 14:11:50+00',	29,	NULL),
(783,	'en',	'Nulla tellus.',	'Aliquam erat volutpat.',	4731.28,	'2021-07-20 21:40:07+00',	'2021-08-11 00:25:35+00',	4,	NULL),
(785,	'en',	'Nam dui.',	'Cras in purus eu magna vulputate luctus.',	5999.21,	'2021-12-18 08:03:00+00',	'2021-07-02 08:02:08+00',	21,	NULL),
(786,	'en',	'Morbi non quam nec dui luctus rutrum.',	'Donec vitae nisi. Nam ultrices, libero non mattis pulvinar, nulla pede ullamcorper augue, a suscipit nulla elit ac nulla. Sed vel enim sit amet nunc viverra dapibus. Nulla suscipit ligula in lacus. Curabitur at ipsum ac tellus semper interdum.',	3366.16,	'2022-02-03 14:21:22+00',	'2022-02-04 18:47:22+00',	20,	NULL),
(787,	'en',	'Morbi non lectus.',	'Etiam pretium iaculis justo. In hac habitasse platea dictumst.',	2410.71,	'2021-09-04 01:45:36+00',	'2021-07-09 20:09:16+00',	19,	NULL),
(788,	'en',	'Suspendisse potenti.',	'Pellentesque at nulla. Suspendisse potenti. Cras in purus eu magna vulputate luctus. Cum sociis natoque penatibus et magnis dis parturient montes, nascetur ridiculus mus. Vivamus vestibulum sagittis sapien.',	7463.03,	'2021-05-23 12:49:41+00',	'2021-09-04 13:15:56+00',	31,	NULL),
(789,	'en',	'Sed vel enim sit amet nunc viverra dapibus.',	'Nulla facilisi. Cras non velit nec nisi vulputate nonummy. Maecenas tincidunt lacus at velit. Vivamus vel nulla eget eros elementum pellentesque.',	646.45,	'2022-01-27 11:37:18+00',	'2022-04-13 18:41:29+00',	36,	NULL),
(790,	'en',	'Fusce congue, diam id ornare imperdiet, sapien urna pretium nisl, ut volutpat sapien arcu sed augue.',	'Sed sagittis. Nam congue, risus semper porta volutpat, quam pede lobortis ligula, sit amet eleifend pede libero quis orci. Nullam molestie nibh in lectus.',	2776.54,	'2021-11-30 23:39:33+00',	'2022-02-04 07:10:06+00',	8,	NULL),
(791,	'en',	'Mauris enim leo, rhoncus sed, vestibulum sit amet, cursus id, turpis.',	'Etiam vel augue.',	801.74,	'2021-09-08 11:54:14+00',	'2021-08-18 01:47:30+00',	14,	NULL),
(792,	'en',	'Praesent lectus.',	'Nulla suscipit ligula in lacus. Curabitur at ipsum ac tellus semper interdum.',	5269.05,	'2022-03-22 23:45:36+00',	'2022-02-03 17:56:10+00',	19,	NULL),
(793,	'en',	'Vestibulum sed magna at nunc commodo placerat.',	'Morbi sem mauris, laoreet ut, rhoncus aliquet, pulvinar sed, nisl. Nunc rhoncus dui vel sem. Sed sagittis. Nam congue, risus semper porta volutpat, quam pede lobortis ligula, sit amet eleifend pede libero quis orci. Nullam molestie nibh in lectus.',	5786.52,	'2022-03-31 12:30:30+00',	'2021-12-18 21:55:10+00',	3,	NULL),
(795,	'en',	'Nulla neque libero, convallis eget, eleifend luctus, ultricies eu, nibh.',	'Vestibulum quam sapien, varius ut, blandit non, interdum in, ante. Vestibulum ante ipsum primis in faucibus orci luctus et ultrices posuere cubilia Curae; Duis faucibus accumsan odio. Curabitur convallis.',	7054.34,	'2022-01-02 05:45:33+00',	'2021-12-29 22:06:30+00',	18,	NULL),
(797,	'en',	'Proin interdum mauris non ligula pellentesque ultrices.',	'Maecenas rhoncus aliquam lacus.',	8327.98,	'2022-01-02 20:51:04+00',	'2021-07-10 19:16:14+00',	4,	NULL),
(798,	'en',	'Nam congue, risus semper porta volutpat, quam pede lobortis ligula, sit amet eleifend pede libero quis orci.',	'Suspendisse potenti. In eleifend quam a odio. In hac habitasse platea dictumst.',	8816.23,	'2022-02-13 18:00:52+00',	'2021-06-06 21:05:18+00',	28,	NULL),
(799,	'en',	'Ut at dolor quis odio consequat varius.',	'Nullam orci pede, venenatis non, sodales sed, tincidunt eu, felis.',	5311.83,	'2022-01-12 07:01:23+00',	'2022-02-10 06:40:15+00',	34,	NULL),
(800,	'en',	'Donec dapibus.',	'In hac habitasse platea dictumst. Etiam faucibus cursus urna.',	7418.28,	'2021-06-15 09:58:31+00',	'2022-02-03 15:41:37+00',	3,	NULL),
(801,	'en',	'Nulla mollis molestie lorem.',	'Pellentesque viverra pede ac diam. Cras pellentesque volutpat dui. Maecenas tristique, est et tempus semper, est quam pharetra magna, ac consequat metus sapien ut nunc.',	5172.79,	'2021-07-12 04:36:05+00',	'2022-04-09 11:09:00+00',	36,	NULL),
(802,	'en',	'In blandit ultrices enim.',	'Nullam orci pede, venenatis non, sodales sed, tincidunt eu, felis. Fusce posuere felis sed lacus. Morbi sem mauris, laoreet ut, rhoncus aliquet, pulvinar sed, nisl.',	3817.52,	'2022-02-28 09:57:35+00',	'2022-04-15 10:15:22+00',	10,	NULL),
(803,	'en',	'Curabitur in libero ut massa volutpat convallis.',	'Morbi odio odio, elementum eu, interdum eu, tincidunt in, leo. Maecenas pulvinar lobortis est.',	7039.25,	'2021-05-07 20:17:54+00',	'2021-09-08 07:17:43+00',	31,	NULL),
(804,	'en',	'Nam congue, risus semper porta volutpat, quam pede lobortis ligula, sit amet eleifend pede libero quis orci.',	'Morbi sem mauris, laoreet ut, rhoncus aliquet, pulvinar sed, nisl. Nunc rhoncus dui vel sem. Sed sagittis. Nam congue, risus semper porta volutpat, quam pede lobortis ligula, sit amet eleifend pede libero quis orci.',	8220.08,	'2021-10-08 00:51:27+00',	'2022-04-06 01:46:20+00',	7,	NULL),
(805,	'en',	'Duis bibendum.',	'Cum sociis natoque penatibus et magnis dis parturient montes, nascetur ridiculus mus. Vivamus vestibulum sagittis sapien. Cum sociis natoque penatibus et magnis dis parturient montes, nascetur ridiculus mus.',	5578.82,	'2022-01-30 22:05:20+00',	'2022-04-05 23:35:33+00',	16,	NULL),
(806,	'en',	'Vivamus metus arcu, adipiscing molestie, hendrerit at, vulputate vitae, nisl.',	'Nam dui. Proin leo odio, porttitor id, consequat in, consequat ut, nulla. Sed accumsan felis.',	3203.66,	'2021-12-23 02:58:15+00',	'2021-09-25 11:56:46+00',	25,	NULL),
(807,	'en',	'Morbi porttitor lorem id ligula.',	'Nulla tempus.',	4953.3,	'2022-04-02 16:13:37+00',	'2022-01-30 06:55:16+00',	37,	NULL),
(808,	'en',	'Donec ut dolor.',	'Aliquam quis turpis eget elit sodales scelerisque. Mauris sit amet eros.',	3075.44,	'2022-02-16 15:40:38+00',	'2022-02-01 03:43:04+00',	18,	NULL),
(809,	'en',	'Nullam sit amet turpis elementum ligula vehicula consequat.',	'Lorem ipsum dolor sit amet, consectetuer adipiscing elit.',	6558.78,	'2022-03-05 04:25:22+00',	'2022-02-06 23:26:22+00',	16,	NULL),
(810,	'en',	'Mauris enim leo, rhoncus sed, vestibulum sit amet, cursus id, turpis.',	'Etiam faucibus cursus urna. Ut tellus. Nulla ut erat id mauris vulputate elementum. Nullam varius.',	1930.89,	'2021-09-24 19:42:48+00',	'2021-10-18 21:45:12+00',	16,	NULL),
(811,	'en',	'Aliquam sit amet diam in magna bibendum imperdiet.',	'Aenean auctor gravida sem. Praesent id massa id nisl venenatis lacinia.',	5355.24,	'2022-04-08 12:51:35+00',	'2022-01-08 17:39:18+00',	29,	NULL),
(812,	'en',	'Quisque porta volutpat erat.',	'Nulla facilisi. Cras non velit nec nisi vulputate nonummy.',	4368.04,	'2022-01-22 14:46:29+00',	'2021-11-03 11:59:45+00',	33,	NULL),
(813,	'en',	'Integer ac neque.',	'Nullam orci pede, venenatis non, sodales sed, tincidunt eu, felis. Fusce posuere felis sed lacus. Morbi sem mauris, laoreet ut, rhoncus aliquet, pulvinar sed, nisl. Nunc rhoncus dui vel sem.',	2754,	'2021-07-03 11:06:51+00',	'2021-11-14 18:47:12+00',	19,	NULL),
(814,	'en',	'Etiam justo.',	'Suspendisse potenti. In eleifend quam a odio. In hac habitasse platea dictumst. Maecenas ut massa quis augue luctus tincidunt. Nulla mollis molestie lorem.',	2835.53,	'2021-09-07 05:24:10+00',	'2022-02-07 07:17:51+00',	22,	NULL),
(815,	'en',	'Integer aliquet, massa id lobortis convallis, tortor risus dapibus augue, vel accumsan tellus nisi eu orci.',	'Praesent id massa id nisl venenatis lacinia. Aenean sit amet justo. Morbi ut odio.',	3796.68,	'2021-08-21 21:14:58+00',	'2021-10-12 01:33:51+00',	8,	NULL),
(816,	'en',	'Pellentesque viverra pede ac diam.',	'Nunc rhoncus dui vel sem.',	8219.79,	'2021-12-26 17:41:25+00',	'2022-03-01 17:42:41+00',	22,	NULL),
(817,	'en',	'Aliquam non mauris.',	'Etiam pretium iaculis justo. In hac habitasse platea dictumst. Etiam faucibus cursus urna.',	7547.37,	'2022-02-14 19:33:27+00',	'2021-12-01 05:33:53+00',	27,	NULL),
(818,	'en',	'Aliquam non mauris.',	'Pellentesque viverra pede ac diam. Cras pellentesque volutpat dui. Maecenas tristique, est et tempus semper, est quam pharetra magna, ac consequat metus sapien ut nunc. Vestibulum ante ipsum primis in faucibus orci luctus et ultrices posuere cubilia Curae; Mauris viverra diam vitae quam. Suspendisse potenti.',	1714.65,	'2021-09-20 19:13:29+00',	'2021-06-30 21:33:49+00',	32,	NULL),
(819,	'en',	'Suspendisse accumsan tortor quis turpis.',	'Cum sociis natoque penatibus et magnis dis parturient montes, nascetur ridiculus mus. Etiam vel augue. Vestibulum rutrum rutrum neque. Aenean auctor gravida sem. Praesent id massa id nisl venenatis lacinia.',	7106.83,	'2021-11-08 03:35:07+00',	'2022-01-05 08:17:26+00',	30,	NULL),
(820,	'en',	'Nulla ut erat id mauris vulputate elementum.',	'Nulla tellus. In sagittis dui vel nisl. Duis ac nibh.',	7699.37,	'2021-12-19 23:41:43+00',	'2022-03-28 21:53:41+00',	22,	NULL),
(821,	'en',	'Aenean fermentum.',	'Morbi quis tortor id nulla ultrices aliquet. Maecenas leo odio, condimentum id, luctus nec, molestie sed, justo.',	1311.76,	'2021-11-29 22:29:17+00',	'2021-10-25 01:22:07+00',	6,	NULL),
(822,	'en',	'Fusce congue, diam id ornare imperdiet, sapien urna pretium nisl, ut volutpat sapien arcu sed augue.',	'Lorem ipsum dolor sit amet, consectetuer adipiscing elit.',	7443.82,	'2022-02-06 04:16:49+00',	'2021-05-29 23:29:07+00',	11,	NULL),
(823,	'en',	'In sagittis dui vel nisl.',	'Phasellus id sapien in sapien iaculis congue.',	5866.05,	'2021-11-01 02:02:50+00',	'2021-05-17 22:59:02+00',	37,	NULL),
(824,	'en',	'Vestibulum ante ipsum primis in faucibus orci luctus et ultrices posuere cubilia Curae; Mauris viverra diam vitae quam.',	'Nulla ut erat id mauris vulputate elementum. Nullam varius. Nulla facilisi.',	4005.87,	'2022-02-26 22:03:13+00',	'2021-09-26 21:18:54+00',	27,	NULL),
(825,	'en',	'Morbi odio odio, elementum eu, interdum eu, tincidunt in, leo.',	'Nunc nisl.',	4119.04,	'2022-02-26 12:55:03+00',	'2022-01-31 22:10:04+00',	1,	NULL),
(826,	'en',	'Quisque porta volutpat erat.',	'Praesent blandit.',	3015.72,	'2021-11-03 01:30:42+00',	'2022-04-04 21:20:00+00',	19,	NULL),
(828,	'en',	'Sed vel enim sit amet nunc viverra dapibus.',	'Etiam pretium iaculis justo. In hac habitasse platea dictumst. Etiam faucibus cursus urna. Ut tellus.',	5157.93,	'2021-07-24 12:28:12+00',	'2021-05-16 13:00:43+00',	10,	NULL),
(829,	'en',	'Duis bibendum.',	'Donec vitae nisi. Nam ultrices, libero non mattis pulvinar, nulla pede ullamcorper augue, a suscipit nulla elit ac nulla.',	776.74,	'2022-02-02 05:09:43+00',	'2021-05-14 15:05:07+00',	32,	NULL),
(830,	'en',	'Nunc nisl.',	'Fusce consequat. Nulla nisl. Nunc nisl. Duis bibendum, felis sed interdum venenatis, turpis enim blandit mi, in porttitor pede justo eu massa.',	2708.13,	'2022-04-21 08:50:09+00',	'2021-12-30 07:43:10+00',	12,	NULL),
(831,	'en',	'Morbi non lectus.',	'Donec semper sapien a libero.',	6178.31,	'2021-08-02 16:36:37+00',	'2021-08-21 21:21:56+00',	37,	NULL),
(832,	'en',	'Suspendisse accumsan tortor quis turpis.',	'Maecenas tristique, est et tempus semper, est quam pharetra magna, ac consequat metus sapien ut nunc.',	2961.22,	'2022-04-13 04:55:42+00',	'2021-05-12 11:35:37+00',	31,	NULL),
(833,	'en',	'Quisque ut erat.',	'Quisque arcu libero, rutrum ac, lobortis vel, dapibus at, diam. Nam tristique tortor eu pede.',	2158.9,	'2021-05-09 15:21:18+00',	'2021-09-22 02:33:34+00',	12,	NULL),
(835,	'en',	'Morbi non lectus.',	'Maecenas rhoncus aliquam lacus. Morbi quis tortor id nulla ultrices aliquet.',	4476.11,	'2022-03-01 20:23:44+00',	'2021-11-22 19:33:05+00',	31,	NULL),
(836,	'en',	'Quisque ut erat.',	'Donec posuere metus vitae ipsum. Aliquam non mauris. Morbi non lectus. Aliquam sit amet diam in magna bibendum imperdiet.',	6748.57,	'2021-11-09 11:24:38+00',	'2021-07-11 06:02:18+00',	18,	NULL),
(837,	'en',	'Etiam justo.',	'Pellentesque eget nunc. Donec quis orci eget orci vehicula condimentum. Curabitur in libero ut massa volutpat convallis. Morbi odio odio, elementum eu, interdum eu, tincidunt in, leo. Maecenas pulvinar lobortis est.',	8621.69,	'2021-05-25 13:18:51+00',	'2022-01-03 14:03:44+00',	3,	NULL),
(839,	'en',	'Vestibulum quam sapien, varius ut, blandit non, interdum in, ante.',	'Cras non velit nec nisi vulputate nonummy. Maecenas tincidunt lacus at velit. Vivamus vel nulla eget eros elementum pellentesque. Quisque porta volutpat erat.',	5990.6,	'2022-01-22 01:15:19+00',	'2021-07-09 18:18:51+00',	6,	NULL),
(840,	'en',	'Aliquam sit amet diam in magna bibendum imperdiet.',	'Maecenas tristique, est et tempus semper, est quam pharetra magna, ac consequat metus sapien ut nunc. Vestibulum ante ipsum primis in faucibus orci luctus et ultrices posuere cubilia Curae; Mauris viverra diam vitae quam. Suspendisse potenti. Nullam porttitor lacus at turpis.',	2941.76,	'2021-04-26 05:29:54+00',	'2021-05-24 13:55:05+00',	8,	NULL),
(841,	'en',	'Integer tincidunt ante vel ipsum.',	'Suspendisse potenti. Nullam porttitor lacus at turpis. Donec posuere metus vitae ipsum. Aliquam non mauris.',	9442.93,	'2021-08-02 02:29:00+00',	'2021-12-21 20:13:52+00',	15,	NULL),
(842,	'en',	'Donec vitae nisi.',	'In congue. Etiam justo. Etiam pretium iaculis justo. In hac habitasse platea dictumst.',	1770.71,	'2021-05-09 12:37:41+00',	'2022-04-24 19:12:53+00',	38,	NULL),
(843,	'en',	'In congue.',	'Vestibulum quam sapien, varius ut, blandit non, interdum in, ante. Vestibulum ante ipsum primis in faucibus orci luctus et ultrices posuere cubilia Curae; Duis faucibus accumsan odio.',	8227.09,	'2022-04-03 12:46:53+00',	'2021-09-16 23:20:19+00',	27,	NULL),
(844,	'en',	'Nulla nisl.',	'Donec posuere metus vitae ipsum. Aliquam non mauris. Morbi non lectus.',	8878.01,	'2021-08-02 22:57:16+00',	'2021-09-13 22:52:52+00',	6,	NULL),
(845,	'en',	'Pellentesque ultrices mattis odio.',	'Nunc purus. Phasellus in felis. Donec semper sapien a libero.',	5234.83,	'2022-02-06 09:54:19+00',	'2021-05-06 09:33:10+00',	10,	NULL),
(846,	'en',	'Nulla neque libero, convallis eget, eleifend luctus, ultricies eu, nibh.',	'Nam nulla.',	1432.15,	'2021-10-01 12:42:08+00',	'2021-07-05 22:38:33+00',	2,	NULL),
(847,	'en',	'Pellentesque at nulla.',	'Etiam faucibus cursus urna.',	2872.05,	'2022-01-25 15:44:53+00',	'2021-05-13 05:10:14+00',	33,	NULL),
(848,	'en',	'In eleifend quam a odio.',	'Vivamus metus arcu, adipiscing molestie, hendrerit at, vulputate vitae, nisl. Aenean lectus. Pellentesque eget nunc. Donec quis orci eget orci vehicula condimentum. Curabitur in libero ut massa volutpat convallis.',	5788.22,	'2022-01-13 09:41:56+00',	'2021-09-11 18:11:12+00',	11,	NULL),
(849,	'en',	'In sagittis dui vel nisl.',	'Proin eu mi. Nulla ac enim. In tempor, turpis nec euismod scelerisque, quam turpis adipiscing lorem, vitae mattis nibh ligula nec sem. Duis aliquam convallis nunc. Proin at turpis a pede posuere nonummy.',	2556.52,	'2021-12-28 19:53:37+00',	'2021-08-30 17:41:07+00',	35,	NULL),
(850,	'en',	'Aliquam augue quam, sollicitudin vitae, consectetuer eget, rutrum at, lorem.',	'Praesent blandit lacinia erat. Vestibulum sed magna at nunc commodo placerat.',	5779.63,	'2021-07-01 00:40:12+00',	'2022-01-15 06:01:00+00',	22,	NULL),
(851,	'en',	'Vestibulum ac est lacinia nisi venenatis tristique.',	'Suspendisse ornare consequat lectus. In est risus, auctor sed, tristique in, tempus sit amet, sem. Fusce consequat. Nulla nisl.',	9607.45,	'2021-06-17 17:44:23+00',	'2021-05-29 21:21:29+00',	2,	NULL),
(853,	'en',	'Suspendisse ornare consequat lectus.',	'Integer tincidunt ante vel ipsum. Praesent blandit lacinia erat.',	1011.52,	'2021-07-14 07:44:53+00',	'2022-02-13 07:53:22+00',	31,	NULL),
(854,	'en',	'Nullam orci pede, venenatis non, sodales sed, tincidunt eu, felis.',	'Vestibulum ante ipsum primis in faucibus orci luctus et ultrices posuere cubilia Curae; Nulla dapibus dolor vel est. Donec odio justo, sollicitudin ut, suscipit a, feugiat et, eros. Vestibulum ac est lacinia nisi venenatis tristique. Fusce congue, diam id ornare imperdiet, sapien urna pretium nisl, ut volutpat sapien arcu sed augue.',	904.37,	'2021-09-08 00:51:27+00',	'2021-06-02 01:40:31+00',	31,	NULL),
(856,	'en',	'Nullam porttitor lacus at turpis.',	'Nullam molestie nibh in lectus. Pellentesque at nulla. Suspendisse potenti. Cras in purus eu magna vulputate luctus. Cum sociis natoque penatibus et magnis dis parturient montes, nascetur ridiculus mus.',	2088.07,	'2021-12-15 09:23:19+00',	'2021-07-30 23:11:18+00',	11,	NULL),
(857,	'en',	'Cras in purus eu magna vulputate luctus.',	'Phasellus in felis. Donec semper sapien a libero. Nam dui.',	6810.74,	'2021-05-05 05:25:20+00',	'2021-06-08 07:12:56+00',	34,	NULL),
(858,	'en',	'Morbi vel lectus in quam fringilla rhoncus.',	'Nulla nisl. Nunc nisl.',	2279.21,	'2022-03-23 15:40:40+00',	'2021-11-07 16:55:03+00',	22,	NULL),
(859,	'en',	'Nam dui.',	'Mauris sit amet eros. Suspendisse accumsan tortor quis turpis. Sed ante. Vivamus tortor.',	8680.92,	'2022-01-17 19:30:06+00',	'2021-09-23 16:44:47+00',	12,	NULL),
(860,	'en',	'Praesent lectus.',	'Donec quis orci eget orci vehicula condimentum. Curabitur in libero ut massa volutpat convallis. Morbi odio odio, elementum eu, interdum eu, tincidunt in, leo.',	9376.36,	'2021-10-28 09:28:15+00',	'2021-10-05 20:11:47+00',	10,	NULL),
(861,	'en',	'Quisque porta volutpat erat.',	'Aliquam non mauris. Morbi non lectus. Aliquam sit amet diam in magna bibendum imperdiet. Nullam orci pede, venenatis non, sodales sed, tincidunt eu, felis. Fusce posuere felis sed lacus.',	2253.21,	'2022-01-24 05:21:14+00',	'2021-06-08 10:02:06+00',	19,	NULL),
(862,	'en',	'Praesent blandit lacinia erat.',	'Nullam orci pede, venenatis non, sodales sed, tincidunt eu, felis. Fusce posuere felis sed lacus.',	2536,	'2021-06-03 08:34:04+00',	'2022-03-26 09:09:09+00',	30,	NULL),
(863,	'en',	'In eleifend quam a odio.',	'Donec vitae nisi. Nam ultrices, libero non mattis pulvinar, nulla pede ullamcorper augue, a suscipit nulla elit ac nulla. Sed vel enim sit amet nunc viverra dapibus.',	7214.13,	'2021-10-13 01:32:09+00',	'2021-10-31 14:37:05+00',	16,	NULL),
(864,	'en',	'Pellentesque viverra pede ac diam.',	'Suspendisse ornare consequat lectus. In est risus, auctor sed, tristique in, tempus sit amet, sem. Fusce consequat.',	4282.73,	'2021-09-10 19:42:19+00',	'2021-08-03 13:19:24+00',	35,	NULL),
(865,	'en',	'Curabitur at ipsum ac tellus semper interdum.',	'Cras non velit nec nisi vulputate nonummy.',	4613.16,	'2022-01-28 12:29:53+00',	'2021-08-26 02:50:57+00',	37,	NULL),
(866,	'en',	'Aliquam augue quam, sollicitudin vitae, consectetuer eget, rutrum at, lorem.',	'Morbi non quam nec dui luctus rutrum. Nulla tellus. In sagittis dui vel nisl.',	1946.29,	'2021-12-31 19:12:44+00',	'2021-06-07 14:00:48+00',	12,	NULL),
(867,	'en',	'Praesent id massa id nisl venenatis lacinia.',	'Maecenas tincidunt lacus at velit.',	4535.11,	'2022-01-17 18:41:59+00',	'2021-09-29 15:53:12+00',	19,	NULL),
(868,	'en',	'Maecenas rhoncus aliquam lacus.',	'Vivamus vel nulla eget eros elementum pellentesque. Quisque porta volutpat erat. Quisque erat eros, viverra eget, congue eget, semper rutrum, nulla.',	790.04,	'2022-04-18 17:53:24+00',	'2022-02-23 05:15:18+00',	16,	NULL),
(869,	'en',	'Pellentesque ultrices mattis odio.',	'Vestibulum ante ipsum primis in faucibus orci luctus et ultrices posuere cubilia Curae; Duis faucibus accumsan odio. Curabitur convallis. Duis consequat dui nec nisi volutpat eleifend. Donec ut dolor. Morbi vel lectus in quam fringilla rhoncus.',	4737.02,	'2022-02-21 10:17:56+00',	'2021-05-06 23:31:49+00',	3,	NULL),
(871,	'en',	'Maecenas pulvinar lobortis est.',	'Cum sociis natoque penatibus et magnis dis parturient montes, nascetur ridiculus mus. Etiam vel augue. Vestibulum rutrum rutrum neque. Aenean auctor gravida sem. Praesent id massa id nisl venenatis lacinia.',	5717.36,	'2021-05-27 08:57:08+00',	'2022-03-03 14:08:02+00',	29,	NULL),
(872,	'en',	'Nulla ut erat id mauris vulputate elementum.',	'Morbi vestibulum, velit id pretium iaculis, diam erat fermentum justo, nec condimentum neque sapien placerat ante. Nulla justo.',	8942.66,	'2022-04-05 22:26:20+00',	'2022-03-24 08:06:58+00',	35,	NULL),
(873,	'en',	'Donec quis orci eget orci vehicula condimentum.',	'Lorem ipsum dolor sit amet, consectetuer adipiscing elit. Proin risus. Praesent lectus. Vestibulum quam sapien, varius ut, blandit non, interdum in, ante. Vestibulum ante ipsum primis in faucibus orci luctus et ultrices posuere cubilia Curae; Duis faucibus accumsan odio.',	8508.55,	'2021-12-22 06:05:08+00',	'2021-07-04 22:17:53+00',	25,	NULL),
(874,	'en',	'Pellentesque ultrices mattis odio.',	'Proin leo odio, porttitor id, consequat in, consequat ut, nulla. Sed accumsan felis. Ut at dolor quis odio consequat varius. Integer ac leo. Pellentesque ultrices mattis odio.',	3617.41,	'2022-04-18 19:26:52+00',	'2022-04-06 14:26:46+00',	33,	NULL),
(875,	'en',	'Suspendisse potenti.',	'Suspendisse accumsan tortor quis turpis. Sed ante. Vivamus tortor. Duis mattis egestas metus. Aenean fermentum.',	7893.32,	'2021-11-09 11:16:26+00',	'2021-06-04 19:20:35+00',	14,	NULL),
(877,	'en',	'Mauris ullamcorper purus sit amet nulla.',	'Duis bibendum.',	7040.29,	'2021-07-12 22:54:07+00',	'2021-07-22 00:28:50+00',	20,	NULL),
(878,	'en',	'Aenean auctor gravida sem.',	'Morbi porttitor lorem id ligula. Suspendisse ornare consequat lectus. In est risus, auctor sed, tristique in, tempus sit amet, sem.',	3921.32,	'2021-09-27 00:11:07+00',	'2021-10-17 12:59:27+00',	20,	NULL),
(879,	'en',	'Quisque id justo sit amet sapien dignissim vestibulum.',	'Curabitur in libero ut massa volutpat convallis. Morbi odio odio, elementum eu, interdum eu, tincidunt in, leo. Maecenas pulvinar lobortis est.',	2711.64,	'2021-07-25 08:27:27+00',	'2021-05-03 07:58:09+00',	34,	NULL),
(880,	'en',	'Proin risus.',	'Aliquam erat volutpat. In congue.',	8955.95,	'2022-03-15 15:07:38+00',	'2022-01-18 00:28:31+00',	10,	NULL),
(881,	'en',	'Quisque erat eros, viverra eget, congue eget, semper rutrum, nulla.',	'Vestibulum ante ipsum primis in faucibus orci luctus et ultrices posuere cubilia Curae; Nulla dapibus dolor vel est. Donec odio justo, sollicitudin ut, suscipit a, feugiat et, eros. Vestibulum ac est lacinia nisi venenatis tristique. Fusce congue, diam id ornare imperdiet, sapien urna pretium nisl, ut volutpat sapien arcu sed augue. Aliquam erat volutpat.',	4559.09,	'2022-02-05 11:13:26+00',	'2022-02-02 21:46:23+00',	32,	NULL),
(882,	'en',	'Vivamus vel nulla eget eros elementum pellentesque.',	'Vestibulum quam sapien, varius ut, blandit non, interdum in, ante. Vestibulum ante ipsum primis in faucibus orci luctus et ultrices posuere cubilia Curae; Duis faucibus accumsan odio.',	4063.06,	'2021-06-11 19:15:13+00',	'2021-05-22 10:48:57+00',	11,	NULL),
(883,	'en',	'Mauris lacinia sapien quis libero.',	'Donec quis orci eget orci vehicula condimentum. Curabitur in libero ut massa volutpat convallis. Morbi odio odio, elementum eu, interdum eu, tincidunt in, leo.',	6562.68,	'2021-09-04 00:46:18+00',	'2022-03-22 13:23:06+00',	4,	NULL),
(884,	'en',	'Aliquam sit amet diam in magna bibendum imperdiet.',	'Nullam varius. Nulla facilisi.',	7731.75,	'2022-03-29 18:36:47+00',	'2021-08-06 01:01:29+00',	15,	NULL),
(885,	'en',	'Nulla ut erat id mauris vulputate elementum.',	'Nullam molestie nibh in lectus. Pellentesque at nulla. Suspendisse potenti. Cras in purus eu magna vulputate luctus. Cum sociis natoque penatibus et magnis dis parturient montes, nascetur ridiculus mus.',	1422.29,	'2022-03-02 20:34:47+00',	'2022-02-23 06:16:49+00',	32,	NULL),
(886,	'en',	'Duis mattis egestas metus.',	'Morbi vestibulum, velit id pretium iaculis, diam erat fermentum justo, nec condimentum neque sapien placerat ante. Nulla justo. Aliquam quis turpis eget elit sodales scelerisque. Mauris sit amet eros.',	2295.79,	'2021-08-04 13:01:24+00',	'2022-01-13 12:28:28+00',	4,	NULL),
(887,	'en',	'Morbi vestibulum, velit id pretium iaculis, diam erat fermentum justo, nec condimentum neque sapien placerat ante.',	'Cum sociis natoque penatibus et magnis dis parturient montes, nascetur ridiculus mus. Etiam vel augue. Vestibulum rutrum rutrum neque. Aenean auctor gravida sem. Praesent id massa id nisl venenatis lacinia.',	8540.92,	'2022-03-19 22:18:39+00',	'2021-07-31 19:08:27+00',	17,	NULL),
(889,	'en',	'Mauris enim leo, rhoncus sed, vestibulum sit amet, cursus id, turpis.',	'Sed sagittis. Nam congue, risus semper porta volutpat, quam pede lobortis ligula, sit amet eleifend pede libero quis orci. Nullam molestie nibh in lectus. Pellentesque at nulla. Suspendisse potenti.',	2584.02,	'2022-04-16 13:09:53+00',	'2022-03-08 17:25:12+00',	16,	NULL),
(890,	'en',	'Cras non velit nec nisi vulputate nonummy.',	'Suspendisse potenti. Nullam porttitor lacus at turpis. Donec posuere metus vitae ipsum. Aliquam non mauris.',	2703.86,	'2022-04-21 23:43:27+00',	'2021-12-12 01:55:10+00',	6,	NULL),
(891,	'en',	'Morbi porttitor lorem id ligula.',	'Morbi quis tortor id nulla ultrices aliquet. Maecenas leo odio, condimentum id, luctus nec, molestie sed, justo. Pellentesque viverra pede ac diam.',	1832.62,	'2022-02-27 02:38:46+00',	'2022-03-05 04:56:03+00',	20,	NULL),
(892,	'en',	'Praesent blandit lacinia erat.',	'Nulla tempus. Vivamus in felis eu sapien cursus vestibulum. Proin eu mi. Nulla ac enim. In tempor, turpis nec euismod scelerisque, quam turpis adipiscing lorem, vitae mattis nibh ligula nec sem.',	1080.02,	'2022-03-14 18:51:42+00',	'2021-05-19 17:27:50+00',	10,	NULL),
(893,	'en',	'Cras pellentesque volutpat dui.',	'Praesent blandit lacinia erat.',	5036.2,	'2021-06-10 17:39:05+00',	'2021-09-01 00:20:11+00',	11,	NULL),
(894,	'en',	'Nam congue, risus semper porta volutpat, quam pede lobortis ligula, sit amet eleifend pede libero quis orci.',	'Curabitur at ipsum ac tellus semper interdum. Mauris ullamcorper purus sit amet nulla. Quisque arcu libero, rutrum ac, lobortis vel, dapibus at, diam. Nam tristique tortor eu pede.',	1767.17,	'2021-06-28 01:27:56+00',	'2021-06-12 10:35:57+00',	33,	NULL),
(895,	'en',	'Morbi a ipsum.',	'Integer a nibh. In quis justo. Maecenas rhoncus aliquam lacus. Morbi quis tortor id nulla ultrices aliquet.',	4270.18,	'2021-06-14 11:31:52+00',	'2021-08-20 13:52:26+00',	37,	NULL),
(896,	'en',	'Lorem ipsum dolor sit amet, consectetuer adipiscing elit.',	'Morbi sem mauris, laoreet ut, rhoncus aliquet, pulvinar sed, nisl. Nunc rhoncus dui vel sem. Sed sagittis.',	1405.14,	'2021-10-16 21:34:37+00',	'2022-01-20 06:05:29+00',	14,	NULL),
(897,	'en',	'Pellentesque ultrices mattis odio.',	'Nullam sit amet turpis elementum ligula vehicula consequat. Morbi a ipsum. Integer a nibh. In quis justo.',	1093.26,	'2021-06-10 09:03:27+00',	'2022-03-09 04:46:47+00',	6,	NULL),
(898,	'en',	'Maecenas pulvinar lobortis est.',	'Integer tincidunt ante vel ipsum.',	6152.75,	'2021-09-15 02:47:04+00',	'2022-01-09 04:39:48+00',	4,	NULL),
(899,	'en',	'In congue.',	'Nullam varius. Nulla facilisi. Cras non velit nec nisi vulputate nonummy. Maecenas tincidunt lacus at velit.',	7259.71,	'2022-03-08 01:36:04+00',	'2022-01-15 12:22:24+00',	8,	NULL),
(900,	'en',	'Donec odio justo, sollicitudin ut, suscipit a, feugiat et, eros.',	'Fusce posuere felis sed lacus. Morbi sem mauris, laoreet ut, rhoncus aliquet, pulvinar sed, nisl. Nunc rhoncus dui vel sem. Sed sagittis.',	7067.39,	'2021-07-18 12:05:33+00',	'2022-02-13 09:18:33+00',	27,	NULL),
(901,	'en',	'Nulla nisl.',	'Curabitur gravida nisi at nibh. In hac habitasse platea dictumst. Aliquam augue quam, sollicitudin vitae, consectetuer eget, rutrum at, lorem.',	7366.28,	'2022-03-29 19:13:56+00',	'2022-01-20 15:41:20+00',	2,	NULL),
(902,	'en',	'Vestibulum sed magna at nunc commodo placerat.',	'Nulla mollis molestie lorem. Quisque ut erat.',	8820.93,	'2022-03-07 17:25:35+00',	'2021-11-19 22:26:55+00',	39,	NULL),
(903,	'en',	'Aliquam augue quam, sollicitudin vitae, consectetuer eget, rutrum at, lorem.',	'Mauris ullamcorper purus sit amet nulla. Quisque arcu libero, rutrum ac, lobortis vel, dapibus at, diam. Nam tristique tortor eu pede.',	2279.07,	'2021-05-09 06:47:25+00',	'2021-10-27 17:55:28+00',	16,	NULL),
(904,	'en',	'Maecenas ut massa quis augue luctus tincidunt.',	'Integer non velit. Donec diam neque, vestibulum eget, vulputate ut, ultrices vel, augue. Vestibulum ante ipsum primis in faucibus orci luctus et ultrices posuere cubilia Curae; Donec pharetra, magna vestibulum aliquet ultrices, erat tortor sollicitudin mi, sit amet lobortis sapien sapien non mi. Integer ac neque. Duis bibendum.',	3123.65,	'2021-08-22 14:10:08+00',	'2021-10-14 18:28:14+00',	38,	NULL),
(905,	'en',	'In hac habitasse platea dictumst.',	'In est risus, auctor sed, tristique in, tempus sit amet, sem.',	278.39,	'2021-12-15 04:56:45+00',	'2021-06-08 19:42:25+00',	21,	NULL),
(906,	'en',	'Nunc rhoncus dui vel sem.',	'Praesent lectus. Vestibulum quam sapien, varius ut, blandit non, interdum in, ante. Vestibulum ante ipsum primis in faucibus orci luctus et ultrices posuere cubilia Curae; Duis faucibus accumsan odio. Curabitur convallis.',	687.85,	'2021-05-09 20:16:56+00',	'2021-11-05 15:53:33+00',	3,	NULL),
(907,	'en',	'Mauris ullamcorper purus sit amet nulla.',	'Nam dui.',	6594.65,	'2021-05-15 18:56:43+00',	'2021-05-21 02:49:54+00',	10,	NULL),
(908,	'en',	'Nulla justo.',	'Nulla neque libero, convallis eget, eleifend luctus, ultricies eu, nibh.',	731.76,	'2022-01-16 09:57:26+00',	'2021-05-12 02:56:10+00',	5,	NULL),
(909,	'en',	'Praesent id massa id nisl venenatis lacinia.',	'Cras mi pede, malesuada in, imperdiet et, commodo vulputate, justo. In blandit ultrices enim. Lorem ipsum dolor sit amet, consectetuer adipiscing elit.',	5880.49,	'2022-01-30 23:06:01+00',	'2021-06-05 12:59:43+00',	37,	NULL),
(912,	'en',	'Nullam porttitor lacus at turpis.',	'Lorem ipsum dolor sit amet, consectetuer adipiscing elit. Proin interdum mauris non ligula pellentesque ultrices. Phasellus id sapien in sapien iaculis congue. Vivamus metus arcu, adipiscing molestie, hendrerit at, vulputate vitae, nisl. Aenean lectus.',	5172.44,	'2022-02-15 18:24:46+00',	'2022-04-25 02:59:13+00',	30,	NULL),
(913,	'en',	'Curabitur convallis.',	'Donec vitae nisi. Nam ultrices, libero non mattis pulvinar, nulla pede ullamcorper augue, a suscipit nulla elit ac nulla. Sed vel enim sit amet nunc viverra dapibus.',	9955.37,	'2021-12-23 07:35:49+00',	'2021-07-17 23:05:53+00',	1,	NULL),
(915,	'en',	'Nulla tellus.',	'In tempor, turpis nec euismod scelerisque, quam turpis adipiscing lorem, vitae mattis nibh ligula nec sem. Duis aliquam convallis nunc. Proin at turpis a pede posuere nonummy.',	1890.03,	'2021-07-06 11:03:21+00',	'2022-02-13 14:44:53+00',	38,	NULL),
(916,	'en',	'Integer pede justo, lacinia eget, tincidunt eget, tempus vel, pede.',	'Ut at dolor quis odio consequat varius. Integer ac leo. Pellentesque ultrices mattis odio. Donec vitae nisi. Nam ultrices, libero non mattis pulvinar, nulla pede ullamcorper augue, a suscipit nulla elit ac nulla.',	990.29,	'2021-07-06 07:31:33+00',	'2022-01-19 22:56:14+00',	7,	NULL),
(917,	'en',	'Cum sociis natoque penatibus et magnis dis parturient montes, nascetur ridiculus mus.',	'Aenean sit amet justo. Morbi ut odio. Cras mi pede, malesuada in, imperdiet et, commodo vulputate, justo. In blandit ultrices enim.',	9257.88,	'2021-05-08 20:45:52+00',	'2022-02-21 02:52:21+00',	12,	NULL),
(918,	'en',	'Etiam faucibus cursus urna.',	'Nullam porttitor lacus at turpis. Donec posuere metus vitae ipsum. Aliquam non mauris.',	5383.7,	'2021-12-26 16:44:41+00',	'2021-05-30 15:12:01+00',	36,	NULL),
(919,	'en',	'Proin eu mi.',	'Nulla nisl.',	7963.1,	'2021-05-25 11:19:30+00',	'2021-12-12 14:49:58+00',	34,	NULL),
(920,	'en',	'Donec dapibus.',	'Nunc purus.',	5736.95,	'2021-11-22 04:57:06+00',	'2021-07-28 05:16:02+00',	15,	NULL),
(921,	'en',	'Donec posuere metus vitae ipsum.',	'Mauris lacinia sapien quis libero. Nullam sit amet turpis elementum ligula vehicula consequat. Morbi a ipsum.',	6244.78,	'2022-03-04 11:54:58+00',	'2021-05-20 01:54:32+00',	8,	NULL),
(922,	'en',	'Proin leo odio, porttitor id, consequat in, consequat ut, nulla.',	'Etiam justo. Etiam pretium iaculis justo. In hac habitasse platea dictumst.',	7810.85,	'2021-05-13 09:06:02+00',	'2021-09-05 21:50:48+00',	28,	NULL),
(923,	'en',	'Donec diam neque, vestibulum eget, vulputate ut, ultrices vel, augue.',	'Ut at dolor quis odio consequat varius. Integer ac leo. Pellentesque ultrices mattis odio. Donec vitae nisi.',	361.67,	'2021-10-18 09:42:16+00',	'2021-08-11 15:57:43+00',	21,	NULL),
(924,	'en',	'Maecenas leo odio, condimentum id, luctus nec, molestie sed, justo.',	'Suspendisse ornare consequat lectus. In est risus, auctor sed, tristique in, tempus sit amet, sem. Fusce consequat.',	3851.56,	'2022-03-05 03:00:19+00',	'2021-06-23 16:20:04+00',	7,	NULL),
(925,	'en',	'Ut tellus.',	'Fusce lacus purus, aliquet at, feugiat non, pretium quis, lectus. Suspendisse potenti. In eleifend quam a odio. In hac habitasse platea dictumst.',	9970.41,	'2021-05-07 02:58:52+00',	'2021-08-01 17:08:05+00',	13,	NULL),
(926,	'en',	'Cras non velit nec nisi vulputate nonummy.',	'Praesent lectus. Vestibulum quam sapien, varius ut, blandit non, interdum in, ante. Vestibulum ante ipsum primis in faucibus orci luctus et ultrices posuere cubilia Curae; Duis faucibus accumsan odio.',	7895.75,	'2021-10-01 18:32:15+00',	'2021-07-13 21:17:10+00',	17,	NULL),
(927,	'en',	'In blandit ultrices enim.',	'Nulla ut erat id mauris vulputate elementum. Nullam varius. Nulla facilisi. Cras non velit nec nisi vulputate nonummy. Maecenas tincidunt lacus at velit.',	3572.51,	'2022-04-01 02:51:21+00',	'2022-02-08 19:42:02+00',	3,	NULL),
(928,	'en',	'Curabitur in libero ut massa volutpat convallis.',	'Aenean fermentum. Donec ut mauris eget massa tempor convallis.',	6481.72,	'2021-04-26 17:45:39+00',	'2021-10-18 00:00:11+00',	2,	NULL),
(929,	'en',	'Sed sagittis.',	'Cum sociis natoque penatibus et magnis dis parturient montes, nascetur ridiculus mus. Etiam vel augue. Vestibulum rutrum rutrum neque.',	6559.44,	'2021-08-01 09:17:32+00',	'2021-11-01 10:16:16+00',	16,	NULL),
(930,	'en',	'Quisque arcu libero, rutrum ac, lobortis vel, dapibus at, diam.',	'Nunc purus. Phasellus in felis.',	7308.67,	'2021-09-19 02:39:25+00',	'2021-12-02 02:35:19+00',	21,	NULL),
(931,	'en',	'Praesent lectus.',	'Aenean auctor gravida sem. Praesent id massa id nisl venenatis lacinia. Aenean sit amet justo.',	170.75,	'2022-01-24 08:56:45+00',	'2022-04-18 20:37:25+00',	6,	NULL),
(932,	'en',	'In tempor, turpis nec euismod scelerisque, quam turpis adipiscing lorem, vitae mattis nibh ligula nec sem.',	'Nulla tempus.',	6626.95,	'2021-05-28 13:29:18+00',	'2022-04-09 21:41:56+00',	28,	NULL),
(933,	'en',	'Nullam varius.',	'Quisque ut erat. Curabitur gravida nisi at nibh. In hac habitasse platea dictumst. Aliquam augue quam, sollicitudin vitae, consectetuer eget, rutrum at, lorem.',	1489.52,	'2021-11-09 15:12:12+00',	'2022-02-24 08:14:52+00',	25,	NULL),
(934,	'en',	'Morbi non quam nec dui luctus rutrum.',	'Fusce consequat. Nulla nisl.',	8033.64,	'2021-12-24 17:50:20+00',	'2022-02-24 17:23:17+00',	35,	NULL),
(936,	'en',	'Integer pede justo, lacinia eget, tincidunt eget, tempus vel, pede.',	'Integer ac neque. Duis bibendum. Morbi non quam nec dui luctus rutrum. Nulla tellus.',	9445.98,	'2021-09-14 10:58:21+00',	'2021-09-15 05:42:03+00',	29,	NULL),
(937,	'en',	'In eleifend quam a odio.',	'In sagittis dui vel nisl. Duis ac nibh. Fusce lacus purus, aliquet at, feugiat non, pretium quis, lectus.',	4158.91,	'2022-03-25 05:51:54+00',	'2021-10-08 10:56:19+00',	25,	NULL),
(939,	'en',	'Morbi odio odio, elementum eu, interdum eu, tincidunt in, leo.',	'Donec vitae nisi. Nam ultrices, libero non mattis pulvinar, nulla pede ullamcorper augue, a suscipit nulla elit ac nulla. Sed vel enim sit amet nunc viverra dapibus. Nulla suscipit ligula in lacus.',	1006.23,	'2021-08-23 22:46:55+00',	'2021-11-13 09:28:09+00',	31,	NULL),
(940,	'en',	'Nullam orci pede, venenatis non, sodales sed, tincidunt eu, felis.',	'Maecenas pulvinar lobortis est. Phasellus sit amet erat. Nulla tempus. Vivamus in felis eu sapien cursus vestibulum. Proin eu mi.',	467.75,	'2021-08-29 01:41:32+00',	'2021-09-11 06:24:52+00',	17,	NULL),
(941,	'en',	'Morbi quis tortor id nulla ultrices aliquet.',	'In hac habitasse platea dictumst. Aliquam augue quam, sollicitudin vitae, consectetuer eget, rutrum at, lorem. Integer tincidunt ante vel ipsum. Praesent blandit lacinia erat.',	5628.5,	'2021-05-11 07:17:49+00',	'2021-06-04 01:53:56+00',	14,	NULL),
(942,	'en',	'Proin eu mi.',	'Morbi non lectus.',	2558.87,	'2021-09-18 08:27:02+00',	'2021-09-28 16:15:34+00',	33,	NULL),
(943,	'en',	'Nulla neque libero, convallis eget, eleifend luctus, ultricies eu, nibh.',	'Donec posuere metus vitae ipsum. Aliquam non mauris.',	9269.27,	'2021-09-10 12:32:15+00',	'2022-02-19 11:43:46+00',	18,	NULL),
(944,	'en',	'Morbi porttitor lorem id ligula.',	'Aliquam erat volutpat. In congue. Etiam justo.',	3415.8,	'2021-06-02 00:33:07+00',	'2021-06-26 22:04:09+00',	28,	NULL),
(945,	'en',	'In tempor, turpis nec euismod scelerisque, quam turpis adipiscing lorem, vitae mattis nibh ligula nec sem.',	'Proin eu mi. Nulla ac enim. In tempor, turpis nec euismod scelerisque, quam turpis adipiscing lorem, vitae mattis nibh ligula nec sem.',	8861.78,	'2022-01-22 18:55:23+00',	'2021-12-11 14:10:05+00',	17,	NULL),
(946,	'en',	'In hac habitasse platea dictumst.',	'Maecenas pulvinar lobortis est.',	428.3,	'2021-12-12 12:01:15+00',	'2022-01-03 03:54:21+00',	39,	NULL),
(947,	'en',	'Praesent lectus.',	'Cras non velit nec nisi vulputate nonummy. Maecenas tincidunt lacus at velit. Vivamus vel nulla eget eros elementum pellentesque. Quisque porta volutpat erat.',	3748.66,	'2021-06-14 06:34:16+00',	'2021-06-29 05:33:44+00',	17,	NULL),
(948,	'en',	'Nullam varius.',	'Vestibulum ac est lacinia nisi venenatis tristique. Fusce congue, diam id ornare imperdiet, sapien urna pretium nisl, ut volutpat sapien arcu sed augue.',	1155.88,	'2021-06-02 12:21:07+00',	'2021-05-08 22:56:59+00',	4,	NULL),
(949,	'en',	'In hac habitasse platea dictumst.',	'In hac habitasse platea dictumst. Etiam faucibus cursus urna. Ut tellus. Nulla ut erat id mauris vulputate elementum.',	9344.54,	'2021-11-17 15:49:14+00',	'2021-10-09 08:20:36+00',	8,	NULL),
(950,	'en',	'Donec ut mauris eget massa tempor convallis.',	'Proin at turpis a pede posuere nonummy.',	6496.68,	'2021-09-19 17:00:12+00',	'2022-04-06 16:27:04+00',	16,	NULL),
(951,	'en',	'Quisque arcu libero, rutrum ac, lobortis vel, dapibus at, diam.',	'In est risus, auctor sed, tristique in, tempus sit amet, sem. Fusce consequat. Nulla nisl. Nunc nisl. Duis bibendum, felis sed interdum venenatis, turpis enim blandit mi, in porttitor pede justo eu massa.',	1473.92,	'2021-08-17 13:24:10+00',	'2021-06-30 19:44:27+00',	5,	NULL),
(952,	'en',	'Integer non velit.',	'Donec odio justo, sollicitudin ut, suscipit a, feugiat et, eros. Vestibulum ac est lacinia nisi venenatis tristique.',	4902.36,	'2021-12-17 01:48:34+00',	'2021-10-27 19:23:59+00',	13,	NULL),
(953,	'en',	'Praesent blandit lacinia erat.',	'Morbi porttitor lorem id ligula. Suspendisse ornare consequat lectus. In est risus, auctor sed, tristique in, tempus sit amet, sem. Fusce consequat. Nulla nisl.',	1012.48,	'2021-11-26 05:32:42+00',	'2022-04-12 11:43:43+00',	10,	NULL),
(954,	'en',	'Sed vel enim sit amet nunc viverra dapibus.',	'Nullam porttitor lacus at turpis. Donec posuere metus vitae ipsum. Aliquam non mauris. Morbi non lectus.',	3075.71,	'2022-01-13 01:41:45+00',	'2021-08-12 02:14:26+00',	14,	NULL),
(955,	'en',	'In quis justo.',	'Pellentesque eget nunc.',	1728.42,	'2021-07-30 08:39:57+00',	'2021-11-07 06:50:51+00',	18,	NULL),
(956,	'en',	'Morbi vel lectus in quam fringilla rhoncus.',	'Mauris sit amet eros. Suspendisse accumsan tortor quis turpis. Sed ante. Vivamus tortor.',	5375.32,	'2021-08-04 18:05:09+00',	'2021-07-15 19:14:35+00',	7,	NULL),
(957,	'en',	'Vivamus in felis eu sapien cursus vestibulum.',	'Aliquam non mauris. Morbi non lectus. Aliquam sit amet diam in magna bibendum imperdiet.',	6791.03,	'2022-01-31 14:53:29+00',	'2021-09-09 13:32:15+00',	17,	NULL),
(958,	'en',	'Proin leo odio, porttitor id, consequat in, consequat ut, nulla.',	'Vivamus tortor. Duis mattis egestas metus. Aenean fermentum. Donec ut mauris eget massa tempor convallis.',	6612.19,	'2021-07-25 02:58:44+00',	'2021-09-12 00:19:55+00',	31,	NULL),
(959,	'en',	'Vestibulum rutrum rutrum neque.',	'Pellentesque viverra pede ac diam. Cras pellentesque volutpat dui.',	6119.31,	'2021-06-14 09:33:16+00',	'2021-12-26 19:22:37+00',	28,	NULL),
(961,	'en',	'Nullam molestie nibh in lectus.',	'Aliquam augue quam, sollicitudin vitae, consectetuer eget, rutrum at, lorem. Integer tincidunt ante vel ipsum. Praesent blandit lacinia erat. Vestibulum sed magna at nunc commodo placerat. Praesent blandit.',	9969.86,	'2021-06-24 10:25:52+00',	'2021-12-29 02:34:52+00',	28,	NULL),
(962,	'en',	'Vestibulum rutrum rutrum neque.',	'Phasellus in felis. Donec semper sapien a libero. Nam dui.',	1837.02,	'2022-02-13 07:35:20+00',	'2022-04-03 07:03:11+00',	39,	NULL),
(963,	'en',	'Cras non velit nec nisi vulputate nonummy.',	'Vestibulum ante ipsum primis in faucibus orci luctus et ultrices posuere cubilia Curae; Mauris viverra diam vitae quam. Suspendisse potenti. Nullam porttitor lacus at turpis.',	9327.21,	'2021-05-26 17:09:55+00',	'2021-09-22 11:23:24+00',	21,	NULL),
(964,	'en',	'Mauris enim leo, rhoncus sed, vestibulum sit amet, cursus id, turpis.',	'Sed vel enim sit amet nunc viverra dapibus. Nulla suscipit ligula in lacus. Curabitur at ipsum ac tellus semper interdum. Mauris ullamcorper purus sit amet nulla. Quisque arcu libero, rutrum ac, lobortis vel, dapibus at, diam.',	426.63,	'2021-08-15 17:34:00+00',	'2021-07-24 08:36:10+00',	10,	NULL),
(966,	'en',	'In hac habitasse platea dictumst.',	'Nullam sit amet turpis elementum ligula vehicula consequat. Morbi a ipsum. Integer a nibh.',	8405.67,	'2021-09-10 00:43:14+00',	'2022-03-12 16:23:26+00',	18,	NULL),
(967,	'en',	'Duis mattis egestas metus.',	'Nulla tempus. Vivamus in felis eu sapien cursus vestibulum. Proin eu mi. Nulla ac enim.',	1297.67,	'2021-09-21 11:58:24+00',	'2022-01-29 21:52:36+00',	21,	NULL),
(968,	'en',	'In hac habitasse platea dictumst.',	'Maecenas tincidunt lacus at velit. Vivamus vel nulla eget eros elementum pellentesque. Quisque porta volutpat erat. Quisque erat eros, viverra eget, congue eget, semper rutrum, nulla. Nunc purus.',	9709.69,	'2021-11-01 19:47:27+00',	'2021-12-12 06:22:35+00',	10,	NULL),
(969,	'en',	'Nulla mollis molestie lorem.',	'Pellentesque eget nunc.',	6673.74,	'2021-06-03 23:06:24+00',	'2021-12-12 14:44:23+00',	16,	NULL),
(970,	'en',	'In sagittis dui vel nisl.',	'Fusce congue, diam id ornare imperdiet, sapien urna pretium nisl, ut volutpat sapien arcu sed augue.',	1518.84,	'2021-11-19 22:34:10+00',	'2022-02-17 07:27:45+00',	6,	NULL),
(971,	'en',	'Nam tristique tortor eu pede.',	'Vestibulum ante ipsum primis in faucibus orci luctus et ultrices posuere cubilia Curae; Nulla dapibus dolor vel est. Donec odio justo, sollicitudin ut, suscipit a, feugiat et, eros. Vestibulum ac est lacinia nisi venenatis tristique. Fusce congue, diam id ornare imperdiet, sapien urna pretium nisl, ut volutpat sapien arcu sed augue.',	448.89,	'2021-09-24 15:30:05+00',	'2021-08-22 12:34:25+00',	37,	NULL),
(972,	'en',	'Vivamus in felis eu sapien cursus vestibulum.',	'Aenean fermentum. Donec ut mauris eget massa tempor convallis. Nulla neque libero, convallis eget, eleifend luctus, ultricies eu, nibh. Quisque id justo sit amet sapien dignissim vestibulum.',	4995.15,	'2021-05-30 17:27:17+00',	'2021-09-11 18:23:25+00',	34,	NULL),
(973,	'en',	'Aliquam augue quam, sollicitudin vitae, consectetuer eget, rutrum at, lorem.',	'Maecenas rhoncus aliquam lacus. Morbi quis tortor id nulla ultrices aliquet.',	5734.22,	'2021-11-25 13:05:29+00',	'2021-06-16 20:40:55+00',	22,	NULL),
(974,	'en',	'Nulla justo.',	'In tempor, turpis nec euismod scelerisque, quam turpis adipiscing lorem, vitae mattis nibh ligula nec sem. Duis aliquam convallis nunc. Proin at turpis a pede posuere nonummy.',	368.34,	'2021-05-10 08:54:00+00',	'2021-09-06 02:12:52+00',	31,	NULL),
(975,	'en',	'Donec odio justo, sollicitudin ut, suscipit a, feugiat et, eros.',	'Curabitur convallis. Duis consequat dui nec nisi volutpat eleifend.',	1711.26,	'2021-09-26 05:41:46+00',	'2021-09-20 18:24:35+00',	39,	NULL),
(976,	'en',	'Morbi porttitor lorem id ligula.',	'Aenean auctor gravida sem.',	927.56,	'2021-10-16 14:28:41+00',	'2021-11-05 23:52:01+00',	22,	NULL),
(977,	'en',	'Ut tellus.',	'In hac habitasse platea dictumst. Morbi vestibulum, velit id pretium iaculis, diam erat fermentum justo, nec condimentum neque sapien placerat ante.',	3661.29,	'2022-02-10 16:58:32+00',	'2021-06-02 22:14:34+00',	3,	NULL),
(978,	'en',	'Sed ante.',	'In blandit ultrices enim. Lorem ipsum dolor sit amet, consectetuer adipiscing elit.',	3936.58,	'2021-07-09 06:37:53+00',	'2021-12-30 02:41:37+00',	10,	NULL),
(979,	'en',	'Vestibulum rutrum rutrum neque.',	'Nam nulla. Integer pede justo, lacinia eget, tincidunt eget, tempus vel, pede. Morbi porttitor lorem id ligula. Suspendisse ornare consequat lectus. In est risus, auctor sed, tristique in, tempus sit amet, sem.',	6167.12,	'2022-01-15 15:04:56+00',	'2021-05-26 04:03:44+00',	16,	NULL),
(980,	'en',	'Pellentesque at nulla.',	'Donec ut dolor. Morbi vel lectus in quam fringilla rhoncus.',	6640.34,	'2022-02-15 15:13:21+00',	'2021-11-20 03:23:26+00',	22,	NULL),
(982,	'en',	'Donec ut mauris eget massa tempor convallis.',	'Aenean lectus.',	4935.83,	'2021-12-25 04:00:02+00',	'2021-06-16 15:57:47+00',	35,	NULL),
(983,	'en',	'Praesent blandit.',	'Aenean auctor gravida sem. Praesent id massa id nisl venenatis lacinia. Aenean sit amet justo.',	3842.98,	'2022-01-23 06:08:32+00',	'2022-01-07 21:55:20+00',	28,	NULL),
(984,	'en',	'Nam congue, risus semper porta volutpat, quam pede lobortis ligula, sit amet eleifend pede libero quis orci.',	'Quisque erat eros, viverra eget, congue eget, semper rutrum, nulla. Nunc purus. Phasellus in felis. Donec semper sapien a libero. Nam dui.',	527.57,	'2021-11-19 04:23:49+00',	'2021-11-18 07:04:44+00',	21,	NULL),
(985,	'en',	'Proin at turpis a pede posuere nonummy.',	'Sed vel enim sit amet nunc viverra dapibus.',	1895.29,	'2021-12-09 11:53:53+00',	'2021-06-02 08:25:02+00',	35,	NULL),
(986,	'en',	'Vestibulum ac est lacinia nisi venenatis tristique.',	'Mauris ullamcorper purus sit amet nulla. Quisque arcu libero, rutrum ac, lobortis vel, dapibus at, diam.',	7695.75,	'2021-09-29 08:02:38+00',	'2021-12-07 09:27:30+00',	32,	NULL),
(987,	'en',	'Ut at dolor quis odio consequat varius.',	'Aliquam erat volutpat. In congue.',	8995.3,	'2021-09-16 20:48:11+00',	'2021-07-22 09:41:49+00',	36,	NULL),
(988,	'en',	'Quisque ut erat.',	'In quis justo.',	5387.8,	'2022-03-10 22:27:18+00',	'2021-05-09 11:34:30+00',	20,	NULL),
(989,	'en',	'Quisque porta volutpat erat.',	'Nulla facilisi. Cras non velit nec nisi vulputate nonummy. Maecenas tincidunt lacus at velit. Vivamus vel nulla eget eros elementum pellentesque. Quisque porta volutpat erat.',	1227.95,	'2021-07-11 07:18:35+00',	'2021-10-10 01:55:11+00',	25,	NULL),
(990,	'en',	'Aliquam quis turpis eget elit sodales scelerisque.',	'Cum sociis natoque penatibus et magnis dis parturient montes, nascetur ridiculus mus. Etiam vel augue.',	3312.39,	'2021-07-14 17:35:31+00',	'2021-07-24 09:53:54+00',	22,	NULL),
(991,	'en',	'Morbi non lectus.',	'Suspendisse potenti.',	4785.26,	'2021-07-08 04:34:09+00',	'2021-07-07 06:53:50+00',	6,	NULL),
(992,	'en',	'Ut at dolor quis odio consequat varius.',	'Morbi odio odio, elementum eu, interdum eu, tincidunt in, leo. Maecenas pulvinar lobortis est. Phasellus sit amet erat.',	2137.93,	'2021-10-27 02:35:55+00',	'2021-08-23 18:03:30+00',	19,	NULL),
(993,	'en',	'Donec semper sapien a libero.',	'Donec diam neque, vestibulum eget, vulputate ut, ultrices vel, augue. Vestibulum ante ipsum primis in faucibus orci luctus et ultrices posuere cubilia Curae; Donec pharetra, magna vestibulum aliquet ultrices, erat tortor sollicitudin mi, sit amet lobortis sapien sapien non mi.',	5215.28,	'2022-04-01 21:11:23+00',	'2022-03-03 20:10:28+00',	10,	NULL),
(994,	'en',	'Vestibulum ante ipsum primis in faucibus orci luctus et ultrices posuere cubilia Curae; Nulla dapibus dolor vel est.',	'Duis consequat dui nec nisi volutpat eleifend. Donec ut dolor. Morbi vel lectus in quam fringilla rhoncus. Mauris enim leo, rhoncus sed, vestibulum sit amet, cursus id, turpis. Integer aliquet, massa id lobortis convallis, tortor risus dapibus augue, vel accumsan tellus nisi eu orci.',	4416.41,	'2021-12-15 14:34:14+00',	'2021-05-02 09:47:31+00',	1,	NULL),
(995,	'en',	'In hac habitasse platea dictumst.',	'Morbi odio odio, elementum eu, interdum eu, tincidunt in, leo.',	5912.94,	'2022-01-16 08:51:22+00',	'2022-03-25 10:03:15+00',	31,	NULL),
(996,	'en',	'Maecenas tincidunt lacus at velit.',	'Nam ultrices, libero non mattis pulvinar, nulla pede ullamcorper augue, a suscipit nulla elit ac nulla. Sed vel enim sit amet nunc viverra dapibus. Nulla suscipit ligula in lacus. Curabitur at ipsum ac tellus semper interdum.',	1859.43,	'2021-11-09 12:46:10+00',	'2021-05-21 12:02:21+00',	8,	NULL),
(997,	'en',	'Nullam porttitor lacus at turpis.',	'Nam dui. Proin leo odio, porttitor id, consequat in, consequat ut, nulla. Sed accumsan felis. Ut at dolor quis odio consequat varius.',	9701.45,	'2021-08-04 09:00:10+00',	'2022-02-25 05:56:34+00',	30,	NULL),
(998,	'en',	'Fusce posuere felis sed lacus.',	'Nulla mollis molestie lorem. Quisque ut erat. Curabitur gravida nisi at nibh.',	1625.41,	'2021-12-01 05:02:34+00',	'2021-09-27 15:25:50+00',	33,	NULL),
(999,	'en',	'Integer pede justo, lacinia eget, tincidunt eget, tempus vel, pede.',	'Nulla suscipit ligula in lacus. Curabitur at ipsum ac tellus semper interdum. Mauris ullamcorper purus sit amet nulla. Quisque arcu libero, rutrum ac, lobortis vel, dapibus at, diam. Nam tristique tortor eu pede.',	7493.39,	'2021-12-24 12:33:10+00',	'2021-12-20 10:14:46+00',	30,	NULL),
(1000,	'en',	'Fusce lacus purus, aliquet at, feugiat non, pretium quis, lectus.',	'Quisque porta volutpat erat.',	3960.96,	'2021-10-04 22:32:03+00',	'2022-03-01 23:45:56+00',	27,	NULL);


-- SEED Products_images
INSERT INTO "products_images" ("image_id", "product_id") VALUES
(33,	969),
(33,	19),
(23,	595),
(33,	477),
(38,	187),
(21,	124),
(35,	433),
(6,	427),
(9,	893),
(28,	196),
(9,	66),
(23,	782),
(17,	972),
(22,	955),
(9,	375),
(23,	99),
(1,	925),
(33,	688),
(19,	109),
(11,	971),
(4,	962),
(11,	184),
(22,	121),
(30,	477),
(8,	699),
(9,	434),
(28,	857),
(9,	735),
(13,	652),
(32,	91),
(21,	356),
(10,	643),
(1,	668),
(37,	470),
(8,	776),
(1,	718),
(32,	928),
(20,	419),
(34,	627),
(34,	722),
(31,	355),
(31,	264),
(9,	138),
(11,	303),
(34,	462),
(23,	658),
(20,	172),
(30,	668),
(35,	298),
(22,	251),
(19,	649),
(15,	299),
(13,	828),
(15,	217),
(28,	46),
(27,	288),
(32,	807),
(21,	263),
(25,	282),
(36,	480),
(6,	257),
(23,	234),
(37,	43),
(25,	943),
(6,	739),
(10,	734),
(18,	37),
(8,	569),
(32,	791),
(25,	364),
(21,	998),
(22,	985),
(5,	661),
(31,	903),
(20,	65),
(19,	438),
(30,	811),
(30,	226),
(22,	415),
(26,	91),
(5,	885),
(34,	332),
(10,	226),
(1,	180),
(11,	892),
(34,	540),
(36,	735),
(30,	793),
(35,	169),
(38,	725),
(25,	259),
(30,	369),
(11,	254),
(9,	430),
(15,	157),
(10,	557),
(19,	136),
(18,	660),
(25,	328),
(25,	62),
(9,	193),
(23,	186),
(10,	359),
(38,	937),
(11,	793),
(21,	906),
(26,	112),
(32,	274),
(33,	173),
(16,	75),
(32,	882),
(16,	696),
(34,	513),
(21,	755),
(11,	919),
(16,	406),
(34,	614),
(36,	642),
(37,	479),
(28,	338),
(21,	818),
(30,	756),
(31,	107),
(16,	291),
(28,	985),
(27,	916),
(28,	803),
(37,	326),
(31,	490),
(28,	883),
(37,	365),
(28,	433),
(17,	415),
(10,	87),
(33,	345),
(34,	842),
(16,	190),
(16,	250),
(20,	704),
(30,	364),
(17,	180),
(16,	198),
(20,	672),
(17,	206),
(17,	127),
(25,	548),
(21,	783),
(8,	162),
(13,	208),
(13,	921),
(32,	966),
(17,	103),
(1,	85),
(9,	395),
(5,	24),
(25,	481),
(5,	846),
(28,	616),
(13,	140),
(9,	88),
(10,	370),
(16,	120),
(31,	135),
(32,	917),
(26,	95),
(23,	69),
(20,	59),
(10,	233),
(9,	408),
(22,	926),
(38,	264),
(23,	758),
(19,	846),
(20,	742),
(22,	759),
(28,	948),
(33,	422),
(33,	512),
(4,	280),
(31,	518),
(10,	862),
(21,	547),
(10,	258),
(35,	117),
(21,	175),
(21,	648),
(15,	344),
(21,	905),
(27,	858),
(34,	640),
(5,	116),
(1,	788),
(36,	278),
(19,	279),
(38,	56),
(36,	776),
(5,	504),
(15,	645),
(31,	229),
(10,	214),
(28,	926),
(26,	142),
(27,	968),
(28,	197),
(30,	623),
(18,	407),
(6,	386),
(5,	23),
(25,	832),
(11,	635),
(19,	104),
(20,	900),
(8,	584),
(23,	113),
(31,	165),
(1,	294),
(8,	330),
(36,	100),
(10,	825),
(23,	55),
(36,	523),
(35,	1),
(21,	396),
(32,	461),
(10,	442),
(20,	525),
(9,	766),
(31,	932),
(9,	601),
(21,	10),
(9,	75),
(35,	962),
(15,	117),
(9,	161),
(11,	554),
(9,	631),
(32,	410),
(13,	423),
(22,	363),
(16,	210),
(6,	27),
(6,	989),
(38,	799),
(11,	940),
(10,	113),
(25,	582),
(6,	325),
(8,	383),
(32,	521),
(6,	768),
(11,	280),
(19,	758),
(10,	43),
(31,	559),
(31,	375),
(10,	798),
(16,	584),
(38,	949),
(25,	161),
(32,	553),
(35,	830),
(13,	608),
(21,	44),
(21,	476),
(26,	427),
(37,	806),
(15,	670),
(15,	614),
(21,	284),
(27,	277),
(17,	534),
(20,	887),
(38,	541),
(18,	321),
(34,	512),
(13,	942),
(37,	925),
(35,	149),
(33,	312),
(38,	157),
(6,	171),
(31,	606),
(28,	213),
(6,	534),
(23,	554),
(25,	865),
(9,	288),
(6,	222),
(5,	744),
(17,	249),
(10,	968),
(30,	393),
(5,	318),
(30,	278),
(17,	247),
(17,	652),
(15,	806),
(23,	969),
(15,	778),
(33,	450),
(6,	6),
(38,	8),
(38,	720),
(36,	826),
(15,	983),
(6,	448),
(26,	607),
(19,	308),
(13,	69),
(35,	78),
(9,	976),
(21,	982),
(5,	768),
(22,	597),
(11,	235),
(13,	405),
(22,	141),
(37,	452),
(20,	545),
(15,	917),
(20,	56),
(31,	637),
(6,	571),
(30,	14),
(10,	436),
(28,	755),
(5,	723),
(34,	892),
(30,	452),
(27,	436),
(19,	417),
(35,	696),
(5,	202),
(8,	710),
(17,	189),
(22,	253),
(18,	279),
(17,	233),
(31,	928),
(27,	503),
(13,	197),
(36,	29),
(6,	548),
(26,	45),
(20,	186),
(16,	998),
(28,	802),
(17,	832),
(23,	462),
(33,	248),
(17,	946),
(5,	431),
(22,	295),
(17,	418),
(21,	938),
(22,	453),
(22,	258),
(17,	288),
(36,	568),
(21,	102),
(31,	944),
(34,	482),
(23,	16),
(25,	302),
(10,	330),
(37,	153),
(32,	875),
(30,	842),
(17,	548),
(34,	420),
(22,	164),
(31,	148),
(38,	862),
(26,	921),
(27,	764),
(34,	286),
(36,	972),
(36,	869),
(28,	162),
(21,	127),
(18,	868),
(38,	657),
(13,	412),
(19,	872),
(22,	690),
(13,	635),
(33,	41),
(21,	374),
(6,	776),
(30,	662),
(25,	568),
(22,	25),
(37,	210),
(31,	551),
(10,	742),
(37,	354),
(20,	802),
(20,	274),
(22,	696),
(8,	853),
(1,	575),
(8,	439),
(4,	972),
(32,	718),
(38,	869),
(17,	849),
(4,	731),
(8,	802),
(22,	986),
(19,	219),
(9,	717),
(18,	787),
(36,	978),
(20,	891),
(37,	565),
(25,	913),
(25,	648),
(32,	657),
(20,	924),
(23,	257),
(28,	210),
(22,	263),
(25,	76),
(18,	751),
(17,	980),
(8,	926),
(4,	859),
(17,	574),
(21,	12),
(1,	360),
(28,	51),
(28,	12),
(13,	379),
(33,	192),
(26,	224),
(27,	361),
(15,	455),
(36,	71),
(16,	344),
(37,	132),
(6,	174),
(6,	741),
(6,	931),
(22,	505),
(13,	413),
(28,	858),
(38,	77),
(19,	392),
(20,	934),
(1,	308),
(26,	890),
(32,	829),
(4,	118),
(19,	66),
(1,	152),
(6,	49),
(27,	498),
(23,	415),
(1,	156),
(1,	305),
(1,	257),
(21,	59),
(33,	554),
(33,	423),
(38,	724),
(32,	919),
(11,	866),
(9,	762),
(15,	248),
(31,	783),
(11,	839),
(36,	347),
(6,	946),
(31,	823),
(30,	7),
(34,	860),
(4,	739),
(18,	782),
(25,	193),
(9,	724),
(38,	476),
(32,	761),
(37,	377),
(22,	237),
(27,	375),
(33,	551),
(8,	952),
(30,	370),
(23,	762),
(21,	272),
(10,	622),
(23,	104),
(37,	970),
(33,	670),
(17,	624),
(38,	103),
(19,	571),
(25,	119),
(16,	755),
(33,	928),
(20,	898),
(38,	256),
(21,	868),
(20,	761),
(27,	988),
(22,	780),
(38,	335),
(16,	476),
(37,	82),
(21,	209),
(9,	22),
(11,	622),
(18,	365),
(38,	29),
(28,	202),
(22,	611),
(16,	226),
(23,	787),
(8,	795),
(18,	977),
(27,	267),
(36,	69),
(27,	726),
(36,	751),
(27,	495),
(16,	904),
(20,	216),
(10,	847),
(25,	403),
(1,	117),
(20,	612),
(11,	340),
(32,	299),
(13,	663),
(26,	744),
(20,	332),
(18,	124),
(22,	776),
(8,	39),
(22,	292),
(35,	725),
(17,	920),
(8,	416),
(35,	858),
(13,	668),
(34,	639),
(8,	124),
(34,	771),
(18,	518),
(9,	797),
(13,	483),
(15,	124),
(11,	840),
(36,	279),
(35,	456),
(13,	691),
(32,	44),
(9,	655),
(13,	503),
(33,	491),
(16,	142),
(34,	755),
(38,	557),
(1,	698),
(31,	304),
(36,	716),
(23,	790),
(32,	378),
(35,	949),
(1,	365),
(21,	302),
(1,	975),
(34,	951),
(6,	613),
(8,	177),
(22,	401),
(4,	41),
(21,	139),
(19,	913),
(32,	584),
(25,	535),
(5,	841),
(5,	597),
(11,	469),
(10,	983),
(6,	330),
(27,	931),
(28,	741),
(32,	686),
(6,	387),
(6,	554),
(26,	858),
(6,	453),
(28,	612),
(28,	761),
(10,	620),
(36,	724),
(10,	979),
(28,	990),
(15,	942),
(17,	498),
(26,	842),
(11,	692),
(10,	10),
(9,	865),
(28,	69),
(4,	642),
(23,	146),
(10,	811),
(19,	338),
(35,	583),
(8,	558),
(26,	819),
(36,	602),
(15,	210),
(31,	255),
(11,	588),
(31,	154),
(38,	117),
(10,	65),
(27,	227),
(13,	996),
(22,	779),
(25,	402),
(28,	473),
(22,	756),
(8,	415),
(10,	904),
(9,	183),
(4,	438),
(22,	104),
(9,	109),
(11,	564),
(9,	997),
(4,	227),
(17,	59),
(33,	165),
(15,	639),
(19,	596),
(20,	76),
(22,	152),
(27,	414),
(1,	874),
(19,	465),
(27,	471),
(11,	344),
(18,	475),
(8,	602),
(19,	325),
(36,	235),
(16,	681),
(11,	474),
(17,	507),
(4,	351),
(33,	680),
(17,	948),
(35,	676),
(18,	874),
(37,	547),
(35,	439),
(26,	313),
(22,	636),
(20,	409),
(38,	641),
(20,	721),
(36,	370),
(38,	255),
(10,	770),
(8,	811),
(34,	604),
(34,	213),
(20,	466),
(8,	121),
(23,	924),
(19,	592),
(36,	825),
(8,	997),
(36,	51),
(27,	128),
(17,	674),
(38,	104),
(11,	86),
(31,	645),
(21,	953),
(36,	362),
(22,	3),
(16,	902),
(13,	673),
(16,	412),
(15,	946),
(1,	978),
(33,	962),
(15,	25),
(26,	845),
(17,	929),
(9,	583),
(25,	780),
(35,	461),
(1,	205),
(25,	35),
(9,	507),
(6,	568),
(8,	4),
(8,	978),
(15,	459),
(37,	368),
(18,	679),
(38,	15),
(9,	950),
(8,	334),
(25,	787),
(19,	314),
(16,	499),
(33,	229),
(37,	564),
(6,	921),
(31,	746),
(4,	517),
(20,	559),
(8,	472),
(28,	474),
(30,	769);

-- SEED Category_filters
INSERT INTO "category_filters" ("id", "original_language_language_code", "index", "name", "type", "description", "measurement") VALUES
(1,	'ru',	1,	'ScreenSize',	'range<double>',	'Размер экрана',	'дюйм'),
(2,	'ru',	3,	'Voltage',	'checkbox',	'Напряжение',	NULL),
(3,	'ru',	4,	'HasSubwoofer',	'radio',	'Есть сабвуфер',	NULL),
(4,	'ru',	2,	'ScreenResolution',	'checkbox',	'Разрешение экрана',	NULL);

-- SEED Category_filter_translation
INSERT INTO "category_filter_translations" ("category_filter_id", "language_code", "description", "measurement") VALUES
(1,	'en',	'Screen size',	'inch'),
(2,	'en',	'Voltage',	NULL),
(3,	'en',	'With subwoofer',	NULL),
(4,	'en',	'Screen resolution',	NULL);

INSERT INTO "category_category_filter" ("categories_id", "category_filters_id") VALUES
(30,	1),
(30,	2),
(30,	3),
(30,	4);


-- SEED Product_translation

INSERT INTO "product_translations" ("product_id", "language_code", "product_name", "description") VALUES
(23,	'ru',	'дрова.На дворе растёт трава, на траве сто',	'на траве стоят дрова.На дворе растёт трава,'),
(542,	'ru',	'растёт трава, на тра',	'рова.На дворе растёт трава, на траве стоят д'),
(295,	'ru',	'дворе растёт т',	'дрова.На дворе растёт трава, на траве стоят'),
(987,	'ru',	'на тра',	'дрова.На дворе растёт трава, на траве стоят'),
(238,	'ru',	'растёт трава, на траве стоят ',	'на траве стоят дрова.На дворе растёт трава,'),
(377,	'ru',	'трава, на тра',	'дрова.На дворе растёт трава, на траве стоят'),
(68,	'ru',	'дрова.На дворе',	'трава, на траве стоят дрова.На дворе растёт'),
(343,	'ru',	'рова.На дворе ра',	'трава, на траве стоят дрова.На дворе растёт'),
(208,	'ru',	'дрова.На дворе',	'на траве стоят дрова.На дворе растёт трава,'),
(771,	'ru',	'дрова.На дворе растёт трава, на',	'дворе растёт трава, на траве стоят дрова.На'),
(462,	'ru',	'растёт трава, на траве стоят',	'ва.На дворе растёт трава, на траве стоят дро'),
(21,	'ru',	'дрова.На дворе растёт т',	'трава, на траве стоят дрова.На дворе растёт'),
(559,	'ru',	'на',	'На дворе растёт трава, на траве стоят дрова.'),
(705,	'ru',	'стоят дрова.На дворе',	'трава, на траве стоят дрова.На дворе растёт'),
(957,	'ru',	'трава, ',	'трава, на траве стоят дрова.На дворе растёт'),
(109,	'ru',	'т',	'трава, на траве стоят дрова.На дворе растёт'),
(928,	'ru',	'на траве стоят дрова.На дв',	'траве стоят дрова.На дворе растёт трава, на'),
(37,	'ru',	'стоят',	'растёт трава, на траве стоят дрова.На дворе'),
(447,	'ru',	'растёт трава, на тра',	'дрова.На дворе растёт трава, на траве стоят'),
(66,	'ru',	'стоят ',	'растёт трава, на траве стоят дрова.На дворе'),
(886,	'ru',	'траве стоят дрова.На дворе растёт трава, на',	'трава, на траве стоят дрова.На дворе растёт'),
(493,	'ru',	'на траве стоят дрова.На дворе раст',	'дрова.На дворе растёт трава, на траве стоят'),
(333,	'ru',	'трава, на траве стоят дрова.Н',	'стоят дрова.На дворе растёт трава, на траве'),
(453,	'ru',	'На дворе растё',	'дрова.На дворе растёт трава, на траве стоят'),
(71,	'ru',	'р',	'стоят дрова.На дворе растёт трава, на траве'),
(679,	'ru',	'растёт',	'растёт трава, на траве стоят дрова.На дворе'),
(883,	'ru',	'растёт трав',	'дворе растёт трава, на траве стоят дрова.На'),
(490,	'ru',	'растёт трав',	'трава, на траве стоят дрова.На дворе растёт'),
(279,	'ru',	'дрова.На дворе растёт тра',	'растёт трава, на траве стоят дрова.На дворе'),
(110,	'ru',	'дворе р',	'а.На дворе растёт трава, на траве стоят дров'),
(190,	'ru',	'трава, на траве сто',	'дрова.На дворе растёт трава, на траве стоят'),
(547,	'ru',	'дрова.На двор',	'трава, на траве стоят дрова.На дворе растёт'),
(424,	'ru',	'ова.На дворе растёт трава, на траве сто',	'а.На дворе растёт трава, на траве стоят дров'),
(720,	'ru',	'на траве стоят дро',	'стоят дрова.На дворе растёт трава, на траве'),
(736,	'ru',	'на траве стоят дрова.На дворе растёт тр',	'дворе растёт трава, на траве стоят дрова.На'),
(122,	'ru',	'траве стоят д',	'трава, на траве стоят дрова.На дворе растёт'),
(521,	'ru',	'растёт трав',	'дрова.На дворе растёт трава, на траве стоят'),
(97,	'ru',	'на траве стоят дрова.На дворе растёт трав',	'растёт трава, на траве стоят дрова.На дворе'),
(869,	'ru',	'на траве стоят дрова.На дворе растёт',	'траве стоят дрова.На дворе растёт трава, на'),
(391,	'ru',	'на траве стоят дрова.На дворе рас',	'.На дворе растёт трава, на траве стоят дрова'),
(124,	'ru',	'траве стоят дро',	'траве стоят дрова.На дворе растёт трава, на'),
(556,	'ru',	'на траве стоят дрова.На дворе растёт трав',	'трава, на траве стоят дрова.На дворе растёт'),
(717,	'ru',	'растёт трава, на траве стоят дрова.На д',	'дрова.На дворе растёт трава, на траве стоят'),
(673,	'ru',	'дво',	'стоят дрова.На дворе растёт трава, на траве'),
(970,	'ru',	'дрова.На',	'трава, на траве стоят дрова.На дворе растёт'),
(222,	'ru',	'стоят дрова.На',	'на траве стоят дрова.На дворе растёт трава,'),
(173,	'ru',	'дрова.Н',	'трава, на траве стоят дрова.На дворе растёт'),
(329,	'ru',	'трава, на траве стоят дров',	'стоят дрова.На дворе растёт трава, на траве'),
(408,	'ru',	'на траве стоят дрова.На',	'дрова.На дворе растёт трава, на траве стоят'),
(535,	'ru',	'растё',	'трава, на траве стоят дрова.На дворе растёт'),
(152,	'ru',	'растёт трава, на ',	'а.На дворе растёт трава, на траве стоят дров'),
(320,	'ru',	'дворе растёт трава, на',	'трава, на траве стоят дрова.На дворе растёт'),
(704,	'ru',	'трава, на траве стоят д',	'рова.На дворе растёт трава, на траве стоят д'),
(998,	'ru',	'трава, на тра',	'на траве стоят дрова.На дворе растёт трава,'),
(973,	'ru',	'трава, на траве стоят',	'дрова.На дворе растёт трава, на траве стоят'),
(158,	'ru',	'рова.На дворе растёт трава, н',	'на траве стоят дрова.На дворе растёт трава,'),
(24,	'ru',	'.На дво',	'на траве стоят дрова.На дворе растёт трава,'),
(420,	'ru',	'дворе',	'.На дворе растёт трава, на траве стоят дрова'),
(481,	'ru',	'дрова.На дворе растёт трава, на тр',	'на траве стоят дрова.На дворе растёт трава,'),
(835,	'ru',	'дрова.На дворе растёт трава, на траве стоя',	'стоят дрова.На дворе растёт трава, на траве'),
(94,	'ru',	'растёт трава',	'дворе растёт трава, на траве стоят дрова.На'),
(419,	'ru',	'стоят дрова.На дворе растёт трава, на тр',	'трава, на траве стоят дрова.На дворе растёт'),
(378,	'ru',	'стоят дрова.На дворе растёт тр',	'стоят дрова.На дворе растёт трава, на траве'),
(247,	'ru',	'траве стоят дрова.На дворе р',	'дрова.На дворе растёт трава, на траве стоят'),
(319,	'ru',	'дворе растёт трава, на траве стоят дрова.На',	'трава, на траве стоят дрова.На дворе растёт'),
(839,	'ru',	'стоят дрова.На дворе растёт тра',	'на траве стоят дрова.На дворе растёт трава,'),
(949,	'ru',	'на траве стоят дрова.На дв',	'на траве стоят дрова.На дворе растёт трава,'),
(194,	'ru',	'растёт трава, на траве стоят',	'траве стоят дрова.На дворе растёт трава, на'),
(57,	'ru',	'растёт тр',	'ова.На дворе растёт трава, на траве стоят др'),
(982,	'ru',	'на траве стоят дрова.На дворе растё',	'трава, на траве стоят дрова.На дворе растёт'),
(791,	'ru',	'тр',	'.На дворе растёт трава, на траве стоят дрова'),
(212,	'ru',	'растёт трава, на траве стоят дрова.На',	'стоят дрова.На дворе растёт трава, на траве'),
(598,	'ru',	'трава, ',	'стоят дрова.На дворе растёт трава, на траве'),
(759,	'ru',	'трава, на ',	'на траве стоят дрова.На дворе растёт трава,'),
(714,	'ru',	'дрова.На дворе растёт трава, на тра',	'растёт трава, на траве стоят дрова.На дворе'),
(288,	'ru',	'тра',	'трава, на траве стоят дрова.На дворе растёт'),
(230,	'ru',	'дрова.На дворе растёт трава',	'дрова.На дворе растёт трава, на траве стоят'),
(171,	'ru',	'стоят дрова.На дворе растёт',	'растёт трава, на траве стоят дрова.На дворе'),
(111,	'ru',	'а.На дворе рас',	'на траве стоят дрова.На дворе растёт трава,'),
(42,	'ru',	'дрова.На дворе растёт тр',	'на траве стоят дрова.На дворе растёт трава,'),
(623,	'ru',	'трава, ',	'трава, на траве стоят дрова.На дворе растёт'),
(802,	'ru',	'стоят дрова.На дв',	'трава, на траве стоят дрова.На дворе растёт'),
(823,	'ru',	'трава, на траве стоят дрова',	'на траве стоят дрова.На дворе растёт трава,'),
(386,	'ru',	'трава,',	'ова.На дворе растёт трава, на траве стоят др'),
(847,	'ru',	'рова.На дворе растёт трава',	'дрова.На дворе растёт трава, на траве стоят'),
(379,	'ru',	'на траве стоят дрова.На дворе растёт тр',	'растёт трава, на траве стоят дрова.На дворе'),
(203,	'ru',	'трава, на траве',	'трава, на траве стоят дрова.На дворе растёт'),
(304,	'ru',	'траве стоят дров',	'трава, на траве стоят дрова.На дворе растёт'),
(905,	'ru',	'а.На дво',	'На дворе растёт трава, на траве стоят дрова.'),
(302,	'ru',	'растёт трава, на траве стоят дрова.На двор',	'на траве стоят дрова.На дворе растёт трава,'),
(87,	'ru',	'дворе',	'трава, на траве стоят дрова.На дворе растёт'),
(781,	'ru',	'двор',	'дрова.На дворе растёт трава, на траве стоят'),
(395,	'ru',	'стоят др',	'растёт трава, на траве стоят дрова.На дворе'),
(631,	'ru',	'д',	'растёт трава, на траве стоят дрова.На дворе'),
(544,	'ru',	'рова.На дворе растёт трава, на траве с',	'на траве стоят дрова.На дворе растёт трава,'),
(879,	'ru',	'трава, на',	'.На дворе растёт трава, на траве стоят дрова'),
(345,	'ru',	'дворе растёт трава, на трав',	'трава, на траве стоят дрова.На дворе растёт'),
(777,	'ru',	'растёт трава, на траве стоят',	'растёт трава, на траве стоят дрова.На дворе'),
(216,	'ru',	'трава, на траве стоят дрова.На дворе раст',	'на траве стоят дрова.На дворе растёт трава,'),
(716,	'ru',	'трава, на траве стоят дрова.На дворе рас',	'траве стоят дрова.На дворе растёт трава, на'),
(967,	'ru',	'трава, на траве',	'на траве стоят дрова.На дворе растёт трава,'),
(115,	'ru',	'растёт трава, на траве стоят дрова.Н',	'дворе растёт трава, на траве стоят дрова.На'),
(826,	'ru',	'траве стоят дрова.На дворе растёт',	'траве стоят дрова.На дворе растёт трава, на'),
(820,	'ru',	'стоят дрова.На дворе растёт т',	'дворе растёт трава, на траве стоят дрова.На'),
(997,	'ru',	'дрова.На',	'стоят дрова.На дворе растёт трава, на траве'),
(84,	'ru',	'дрова.На дворе растёт трава, н',	'на траве стоят дрова.На дворе растёт трава,'),
(303,	'ru',	'растёт т',	'траве стоят дрова.На дворе растёт трава, на'),
(799,	'ru',	'трава, на траве стоят дро',	'трава, на траве стоят дрова.На дворе растёт'),
(900,	'ru',	'трава, на траве стоят дрова.На дво',	'на траве стоят дрова.На дворе растёт трава,'),
(189,	'ru',	'трава, на траве стоят дрова.На двор',	'дворе растёт трава, на траве стоят дрова.На'),
(450,	'ru',	'на траве стоят дрова.На дворе растёт трава',	'растёт трава, на траве стоят дрова.На дворе'),
(374,	'ru',	'раст',	'на траве стоят дрова.На дворе растёт трава,'),
(555,	'ru',	'трава, на траве стоят дрова.На дворе',	'на траве стоят дрова.На дворе растёт трава,'),
(479,	'ru',	'т',	'дрова.На дворе растёт трава, на траве стоят'),
(972,	'ru',	'трава, на траве стоят дрова.На дворе растёт',	'растёт трава, на траве стоят дрова.На дворе'),
(234,	'ru',	'на траве стоят дрова.На дворе растёт тр',	'растёт трава, на траве стоят дрова.На дворе'),
(523,	'ru',	'растёт трава, на траве стоят дров',	'ва.На дворе растёт трава, на траве стоят дро'),
(792,	'ru',	'на траве стоят ',	'растёт трава, на траве стоят дрова.На дворе'),
(926,	'ru',	'трава, на траве стоят дрова.На дворе растё',	'стоят дрова.На дворе растёт трава, на траве'),
(658,	'ru',	'трава, на',	'На дворе растёт трава, на траве стоят дрова.'),
(818,	'ru',	'растёт тра',	'растёт трава, на траве стоят дрова.На дворе'),
(371,	'ru',	'рас',	'дворе растёт трава, на траве стоят дрова.На'),
(411,	'ru',	'трава, н',	'траве стоят дрова.На дворе растёт трава, на'),
(416,	'ru',	'на траве стоят дрова.На дворе растёт т',	'траве стоят дрова.На дворе растёт трава, на'),
(370,	'ru',	'трава, на траве сто',	'растёт трава, на траве стоят дрова.На дворе'),
(782,	'ru',	'на траве стоят дрова.На дворе',	'растёт трава, на траве стоят дрова.На дворе'),
(850,	'ru',	'трава, на тра',	'растёт трава, на траве стоят дрова.На дворе'),
(739,	'ru',	'дрова.На дворе растёт',	'растёт трава, на траве стоят дрова.На дворе'),
(284,	'ru',	'дрова.На дворе',	'дрова.На дворе растёт трава, на траве стоят'),
(681,	'ru',	'стоят дрова.На дворе растёт трава, на тра',	'дворе растёт трава, на траве стоят дрова.На'),
(554,	'ru',	'на трав',	'трава, на траве стоят дрова.На дворе растёт'),
(612,	'ru',	'траве стоят дрова.На',	'растёт трава, на траве стоят дрова.На дворе'),
(698,	'ru',	'ст',	'на траве стоят дрова.На дворе растёт трава,'),
(257,	'ru',	'стоят дрова.На дворе растёт трава, на т',	'трава, на траве стоят дрова.На дворе растёт'),
(861,	'ru',	'на траве стоят дрова.На дворе рас',	'трава, на траве стоят дрова.На дворе растёт'),
(619,	'ru',	'дрова.На дворе растёт трава,',	'растёт трава, на траве стоят дрова.На дворе'),
(474,	'ru',	'траве стоят дрова.На дворе р',	'дрова.На дворе растёт трава, на траве стоят'),
(231,	'ru',	'на траве стоят дрова.На дворе растёт',	'рова.На дворе растёт трава, на траве стоят д'),
(392,	'ru',	'в',	'дрова.На дворе растёт трава, на траве стоят'),
(768,	'ru',	'стоят дрова.На дво',	'стоят дрова.На дворе растёт трава, на траве'),
(821,	'ru',	'стоят дрова.На дворе растёт трав',	'стоят дрова.На дворе растёт трава, на траве'),
(983,	'ru',	'ва.На двор',	'трава, на траве стоят дрова.На дворе растёт'),
(463,	'ru',	'на траве ст',	'дрова.На дворе растёт трава, на траве стоят'),
(708,	'ru',	'трава, на траве стоят дрова',	'растёт трава, на траве стоят дрова.На дворе'),
(836,	'ru',	'дрова.На дворе растёт трава,',	'на траве стоят дрова.На дворе растёт трава,'),
(186,	'ru',	'траве стоят дрова.На дворе растёт трава, на',	'траве стоят дрова.На дворе растёт трава, на'),
(945,	'ru',	'растёт трава, на траве стоят дро',	'растёт трава, на траве стоят дрова.На дворе'),
(406,	'ru',	'трава, на траве стоят дрова.На',	'трава, на траве стоят дрова.На дворе растёт'),
(364,	'ru',	'растёт т',	'на траве стоят дрова.На дворе растёт трава,'),
(444,	'ru',	'на траве стоят дрова.На дворе рас',	'рова.На дворе растёт трава, на траве стоят д'),
(580,	'ru',	'трава, на траве стоят ',	'дрова.На дворе растёт трава, на траве стоят'),
(496,	'ru',	'траве стоят др',	'растёт трава, на траве стоят дрова.На дворе'),
(641,	'ru',	'на траве сто',	'дворе растёт трава, на траве стоят дрова.На'),
(494,	'ru',	'на траве стоят дрова.На дворе растёт трава,',	'на траве стоят дрова.На дворе растёт трава,'),
(540,	'ru',	'растёт трава, ',	'на траве стоят дрова.На дворе растёт трава,'),
(829,	'ru',	'раст',	'на траве стоят дрова.На дворе растёт трава,'),
(718,	'ru',	'траве стоят дров',	'растёт трава, на траве стоят дрова.На дворе'),
(942,	'ru',	'стоят дрова.На',	'на траве стоят дрова.На дворе растёт трава,'),
(417,	'ru',	'На дво',	'растёт трава, на траве стоят дрова.На дворе'),
(174,	'ru',	'стоят дрова.На двор',	'траве стоят дрова.На дворе растёт трава, на'),
(925,	'ru',	'дв',	'трава, на траве стоят дрова.На дворе растёт'),
(394,	'ru',	'трава, на траве',	'дрова.На дворе растёт трава, на траве стоят'),
(20,	'ru',	'дво',	'трава, на траве стоят дрова.На дворе растёт'),
(845,	'ru',	'растёт трава, на тра',	'а.На дворе растёт трава, на траве стоят дров'),
(630,	'ru',	'На дворе растёт трав',	'дрова.На дворе растёт трава, на траве стоят'),
(880,	'ru',	'дворе растёт трава',	'на траве стоят дрова.На дворе растёт трава,'),
(685,	'ru',	'ст',	'растёт трава, на траве стоят дрова.На дворе'),
(663,	'ru',	'дров',	'дрова.На дворе растёт трава, на траве стоят'),
(363,	'ru',	'растёт трава',	'на траве стоят дрова.На дворе растёт трава,'),
(80,	'ru',	'трава, на траве стоят дро',	'на траве стоят дрова.На дворе растёт трава,'),
(614,	'ru',	'На дворе растёт трава, на трав',	'трава, на траве стоят дрова.На дворе растёт'),
(465,	'ru',	'на траве стоят дрова.На дворе растёт трав',	'дворе растёт трава, на траве стоят дрова.На'),
(825,	'ru',	'траве стоят дрова.На дворе растёт т',	'растёт трава, на траве стоят дрова.На дворе'),
(151,	'ru',	'дрова',	'дрова.На дворе растёт трава, на траве стоят'),
(314,	'ru',	'дворе ',	'траве стоят дрова.На дворе растёт трава, на'),
(874,	'ru',	'стоят дрова.На дворе растёт тр',	'а.На дворе растёт трава, на траве стоят дров'),
(617,	'ru',	'траве стоят',	'трава, на траве стоят дрова.На дворе растёт'),
(961,	'ru',	'на траве сто',	'на траве стоят дрова.На дворе растёт трава,'),
(266,	'ru',	'траве стоят дрова.На дворе растёт трава, на',	'трава, на траве стоят дрова.На дворе растёт'),
(508,	'ru',	'дрова.На дворе растё',	'растёт трава, на траве стоят дрова.На дворе'),
(697,	'ru',	'дрова.На дворе растёт т',	'растёт трава, на траве стоят дрова.На дворе'),
(920,	'ru',	'дворе растёт тра',	'растёт трава, на траве стоят дрова.На дворе'),
(213,	'ru',	'дрова.На дворе растёт т',	'на траве стоят дрова.На дворе растёт трава,'),
(191,	'ru',	'стоят дрова.На д',	'трава, на траве стоят дрова.На дворе растёт'),
(384,	'ru',	'дрова.На дворе растёт трава, н',	'дрова.На дворе растёт трава, на траве стоят'),
(466,	'ru',	'дворе растёт т',	'ва.На дворе растёт трава, на траве стоят дро'),
(123,	'ru',	'растёт трава, на траве стоят дрова.На',	'стоят дрова.На дворе растёт трава, на траве'),
(812,	'ru',	'дво',	'трава, на траве стоят дрова.На дворе растёт'),
(975,	'ru',	'стоят дрова.На двор',	'траве стоят дрова.На дворе растёт трава, на'),
(136,	'ru',	'стоят дрова.На дворе растёт',	'трава, на траве стоят дрова.На дворе растёт'),
(298,	'ru',	'а.На дворе растёт трава, на тр',	'на траве стоят дрова.На дворе растёт трава,'),
(228,	'ru',	'на траве стоят ',	'трава, на траве стоят дрова.На дворе растёт'),
(30,	'ru',	'дрова.На дворе растёт трава, на траве сто',	'растёт трава, на траве стоят дрова.На дворе'),
(250,	'ru',	'трава, на траве стоят дрова',	'стоят дрова.На дворе растёт трава, на траве'),
(451,	'ru',	'растёт трава, на траве стоят дрова.На дворе',	'на траве стоят дрова.На дворе растёт трава,'),
(807,	'ru',	'раст',	'траве стоят дрова.На дворе растёт трава, на'),
(695,	'ru',	'дворе растёт ',	'дворе растёт трава, на траве стоят дрова.На'),
(321,	'ru',	'на траве стоят дрова.',	'дрова.На дворе растёт трава, на траве стоят'),
(478,	'ru',	'на траве ст',	'дворе растёт трава, на траве стоят дрова.На'),
(296,	'ru',	'на траве стоят д',	'траве стоят дрова.На дворе растёт трава, на'),
(132,	'ru',	'дрова.На дворе растёт трава, на траве стоят',	'на траве стоят дрова.На дворе растёт трава,'),
(492,	'ru',	'на траве стоят дрова.На дворе растёт трава,',	'дрова.На дворе растёт трава, на траве стоят'),
(642,	'ru',	'на траве стоят дрова.На дворе',	'растёт трава, на траве стоят дрова.На дворе'),
(893,	'ru',	'траве стоят дрова.На дворе растёт тра',	'а.На дворе растёт трава, на траве стоят дров'),
(754,	'ru',	'на траве с',	'стоят дрова.На дворе растёт трава, на траве'),
(780,	'ru',	'стоят д',	'дворе растёт трава, на траве стоят дрова.На'),
(837,	'ru',	'на траве',	'ова.На дворе растёт трава, на траве стоят др'),
(105,	'ru',	'трава, на траве стоят ',	'растёт трава, на траве стоят дрова.На дворе'),
(344,	'ru',	'на траве стоят дрова.На дворе растёт тра',	'трава, на траве стоят дрова.На дворе растёт'),
(74,	'ru',	'дрова.На дворе раст',	'дрова.На дворе растёт трава, на траве стоят'),
(83,	'ru',	'траве стоят дрова',	'дрова.На дворе растёт трава, на траве стоят'),
(921,	'ru',	'ва.На дворе растёт трава, н',	'трава, на траве стоят дрова.На дворе растёт'),
(545,	'ru',	'дворе растёт трава, на траве стоят дрова.Н',	'трава, на траве стоят дрова.На дворе растёт'),
(410,	'ru',	'На дворе растёт трава, на',	'дрова.На дворе растёт трава, на траве стоят'),
(871,	'ru',	'на ',	'дрова.На дворе растёт трава, на траве стоят'),
(652,	'ru',	'дрова.На двор',	'ва.На дворе растёт трава, на траве стоят дро'),
(278,	'ru',	'дворе раст',	'.На дворе растёт трава, на траве стоят дрова'),
(73,	'ru',	'рова.На дворе растёт трава, на траве стоят',	'растёт трава, на траве стоят дрова.На дворе'),
(895,	'ru',	'трава, на ',	'дрова.На дворе растёт трава, на траве стоят'),
(646,	'ru',	'растёт трава,',	'дворе растёт трава, на траве стоят дрова.На'),
(763,	'ru',	'трава, на траве стоят дрова.На',	'на траве стоят дрова.На дворе растёт трава,'),
(113,	'ru',	'трава, на траве стоят дрова.На дворе',	'растёт трава, на траве стоят дрова.На дворе'),
(106,	'ru',	'трава, на траве',	'дворе растёт трава, на траве стоят дрова.На'),
(60,	'ru',	'сто',	'трава, на траве стоят дрова.На дворе растёт'),
(581,	'ru',	'на траве стоят дрова.',	'трава, на траве стоят дрова.На дворе растёт'),
(280,	'ru',	'дворе ра',	'траве стоят дрова.На дворе растёт трава, на'),
(137,	'ru',	'трава, на траве стоят дрова.На дворе ра',	'трава, на траве стоят дрова.На дворе растёт'),
(220,	'ru',	'тр',	'дрова.На дворе растёт трава, на траве стоят'),
(859,	'ru',	'на траве стоят дрова.На дворе растёт трав',	'траве стоят дрова.На дворе растёт трава, на'),
(211,	'ru',	'дрова.На дворе растёт',	'дрова.На дворе растёт трава, на траве стоят'),
(114,	'ru',	'дворе растёт',	'а.На дворе растёт трава, на траве стоят дров'),
(356,	'ru',	'растёт трава, на траве ',	'растёт трава, на траве стоят дрова.На дворе'),
(291,	'ru',	'рова.На дворе растёт трава, на траве ст',	'на траве стоят дрова.На дворе растёт трава,'),
(667,	'ru',	'стоят дрова.На дворе растёт трава, на',	'на траве стоят дрова.На дворе растёт трава,'),
(817,	'ru',	'на траве стоят',	'траве стоят дрова.На дворе растёт трава, на'),
(311,	'ru',	'растёт трава, на тра',	'дрова.На дворе растёт трава, на траве стоят'),
(338,	'ru',	'на траве стоят дрова.На дворе растёт',	'на траве стоят дрова.На дворе растёт трава,'),
(126,	'ru',	'дрова.На дворе растёт трава, н',	'растёт трава, на траве стоят дрова.На дворе'),
(401,	'ru',	'трава, на траве стоят д',	'стоят дрова.На дворе растёт трава, на траве'),
(22,	'ru',	'дрова.На дворе раст',	'на траве стоят дрова.На дворе растёт трава,'),
(116,	'ru',	'дворе растёт трава, на траве с',	'дворе растёт трава, на траве стоят дрова.На'),
(335,	'ru',	'дрова.На',	'на траве стоят дрова.На дворе растёт трава,'),
(537,	'ru',	'дворе растёт трава, н',	'дворе растёт трава, на траве стоят дрова.На'),
(441,	'ru',	'трава,',	'траве стоят дрова.На дворе растёт трава, на'),
(626,	'ru',	'растёт трава, на траве стоят дро',	'на траве стоят дрова.На дворе растёт трава,'),
(90,	'ru',	'трава, ',	'на траве стоят дрова.На дворе растёт трава,'),
(587,	'ru',	'ова.',	'растёт трава, на траве стоят дрова.На дворе'),
(385,	'ru',	'дворе растёт трава, на т',	'трава, на траве стоят дрова.На дворе растёт'),
(865,	'ru',	'дрова.На дворе растёт',	'на траве стоят дрова.На дворе растёт трава,'),
(841,	'ru',	'трава, на траве стоят дрова.На дворе р',	'растёт трава, на траве стоят дрова.На дворе'),
(485,	'ru',	'стоят дрова.На дворе',	'трава, на траве стоят дрова.На дворе растёт'),
(130,	'ru',	'раст',	'дворе растёт трава, на траве стоят дрова.На'),
(574,	'ru',	'трава, на траве ст',	'трава, на траве стоят дрова.На дворе растёт'),
(381,	'ru',	'стоят дрова.На дворе рас',	'трава, на траве стоят дрова.На дворе растёт'),
(477,	'ru',	'растёт трава, на траве стоят',	'на траве стоят дрова.На дворе растёт трава,'),
(655,	'ru',	'траве стоят дрова.На дворе растёт трава',	'ва.На дворе растёт трава, на траве стоят дро'),
(349,	'ru',	'трава, на траве стоят дрова.На д',	'трава, на траве стоят дрова.На дворе растёт'),
(1,		'ru',	'дворе растёт трава, на траве стоят дров',	'на траве стоят дрова.На дворе растёт трава,'),
(969,	'ru',	'трава, на траве стоят дрова.На дв',	'стоят дрова.На дворе растёт трава, на траве'),
(929,	'ru',	'трава, на трав',	'дрова.На дворе растёт трава, на траве стоят'),
(442,	'ru',	'растёт',	'дрова.На дворе растёт трава, на траве стоят'),
(995,	'ru',	'растёт трава, на траве стоят ',	'стоят дрова.На дворе растёт трава, на траве'),
(570,	'ru',	'трава, на траве стоят дрова.Н',	'стоят дрова.На дворе растёт трава, на траве'),
(15,	'ru',	'растёт трава, на траве стоят дрова.На',	'траве стоят дрова.На дворе растёт трава, на'),
(495,	'ru',	'траве стоят дрова.На',	'растёт трава, на траве стоят дрова.На дворе'),
(232,	'ru',	'на траве с',	'трава, на траве стоят дрова.На дворе растёт'),
(505,	'ru',	'дрова.На дворе растё',	'на траве стоят дрова.На дворе растёт трава,'),
(86,	'ru',	'растёт трава,',	'растёт трава, на траве стоят дрова.На дворе'),
(520,	'ru',	'а.На дворе раст',	'трава, на траве стоят дрова.На дворе растёт'),
(368,	'ru',	'растёт трава, на траве стоят д',	'трава, на траве стоят дрова.На дворе растёт'),
(510,	'ru',	'на траве стоят дрова.На дворе растёт тра',	'трава, на траве стоят дрова.На дворе растёт'),
(518,	'ru',	'рова.На дворе растёт трава, на траве стоя',	'растёт трава, на траве стоят дрова.На дворе'),
(487,	'ru',	'а.На дв',	'дрова.На дворе растёт трава, на траве стоят'),
(72,	'ru',	'на траве ',	'а.На дворе растёт трава, на траве стоят дров'),
(553,	'ru',	'трава, на траве стоят дрова.На',	'растёт трава, на траве стоят дрова.На дворе'),
(244,	'ru',	'а.На дворе',	'на траве стоят дрова.На дворе растёт трава,'),
(530,	'ru',	'на траве стоят дрова.На дворе рас',	'стоят дрова.На дворе растёт трава, на траве'),
(36,	'ru',	'растёт трава, на траве стоят ',	'ова.На дворе растёт трава, на траве стоят др'),
(506,	'ru',	'растёт трава, ',	'растёт трава, на траве стоят дрова.На дворе'),
(572,	'ru',	'на траве стоят дрова.На дворе р',	'растёт трава, на траве стоят дрова.На дворе'),
(643,	'ru',	'растёт трава, на трав',	'ова.На дворе растёт трава, на траве стоят др'),
(594,	'ru',	'на траве стоят дрова.На дворе растёт тра',	'дрова.На дворе растёт трава, на траве стоят'),
(539,	'ru',	'стоят дрова.На дворе растёт трава, на траве',	'трава, на траве стоят дрова.На дворе растёт'),
(315,	'ru',	'растёт трава, на траве стоят дрова.Н',	'дрова.На дворе растёт трава, на траве стоят'),
(785,	'ru',	'на траве',	'стоят дрова.На дворе растёт трава, на траве'),
(749,	'ru',	'а.На дворе растёт',	'дрова.На дворе растёт трава, на траве стоят'),
(735,	'ru',	'трава, на траве стоят',	'на траве стоят дрова.На дворе растёт трава,'),
(176,	'ru',	'д',	'растёт трава, на траве стоят дрова.На дворе'),
(240,	'ru',	'траве стоят дрова.На дворе растёт трава',	'траве стоят дрова.На дворе растёт трава, на'),
(514,	'ru',	'трава, на трав',	'дворе растёт трава, на траве стоят дрова.На'),
(810,	'ru',	'на траве стоят дрова.На',	'растёт трава, на траве стоят дрова.На дворе'),
(1000,	'ru',	'трава, на',	'на траве стоят дрова.На дворе растёт трава,'),
(824,	'ru',	'на траве стоят дрова.На двор',	'дрова.На дворе растёт трава, на траве стоят'),
(400,	'ru',	'д',	'дрова.На дворе растёт трава, на траве стоят'),
(904,	'ru',	'дрова.На дворе р',	'трава, на траве стоят дрова.На дворе растёт'),
(744,	'ru',	'на траве стоят дрова.На дворе рас',	'растёт трава, на траве стоят дрова.На дворе'),
(469,	'ru',	'на траве ',	'на траве стоят дрова.На дворе растёт трава,'),
(323,	'ru',	'стоят д',	'стоят дрова.На дворе растёт трава, на траве'),
(722,	'ru',	'трава, на траве стоят дрова.На дворе растёт',	'стоят дрова.На дворе растёт трава, на траве'),
(787,	'ru',	'на траве стоят дрова.На дворе рас',	'на траве стоят дрова.На дворе растёт трава,'),
(565,	'ru',	'на траве стоят дрова.На дворе растёт тра',	'ва.На дворе растёт трава, на траве стоят дро'),
(12,	'ru',	'на траве стоят дрова.На',	'дрова.На дворе растёт трава, на траве стоят'),
(499,	'ru',	'трава, на траве стоят дрова.На',	'дворе растёт трава, на траве стоят дрова.На'),
(325,	'ru',	'стоят дрова',	'траве стоят дрова.На дворе растёт трава, на'),
(578,	'ru',	'на траве стоят',	'На дворе растёт трава, на траве стоят дрова.'),
(233,	'ru',	'траве стоят дрова.На двор',	'дрова.На дворе растёт трава, на траве стоят'),
(892,	'ru',	'растё',	'дворе растёт трава, на траве стоят дрова.На'),
(635,	'ru',	'на траве стоят дрова.На дворе растёт трава,',	'а.На дворе растёт трава, на траве стоят дров'),
(873,	'ru',	'дворе растёт трава, на тр',	'трава, на траве стоят дрова.На дворе растёт'),
(48,	'ru',	'трава, на траве стоят дрова.Н',	'стоят дрова.На дворе растёт трава, на траве'),
(337,	'ru',	'на траве стоят дрова.На дво',	'а.На дворе растёт трава, на траве стоят дров'),
(889,	'ru',	'ва.На',	'дрова.На дворе растёт трава, на траве стоят'),
(16,	'ru',	'траве стоят дрова.',	'дрова.На дворе растёт трава, на траве стоят'),
(751,	'ru',	'рова.На дворе растёт трава, на тра',	'растёт трава, на траве стоят дрова.На дворе'),
(340,	'ru',	'.На дворе растёт',	'траве стоят дрова.На дворе растёт трава, на'),
(875,	'ru',	'стоят дрова.На дворе растёт трав',	'на траве стоят дрова.На дворе растёт трава,'),
(47,	'ru',	'дрова.На дворе растёт трава, на тр',	'трава, на траве стоят дрова.На дворе растёт'),
(63,	'ru',	'дрова.На дворе',	'дрова.На дворе растёт трава, на траве стоят'),
(62,	'ru',	'рова.На дворе рас',	'трава, на траве стоят дрова.На дворе растёт'),
(458,	'ru',	'дрова.На дворе растёт тр',	'стоят дрова.На дворе растёт трава, на траве'),
(95,	'ru',	'дрова.На дворе растёт трава, на',	'на траве стоят дрова.На дворе растёт трава,'),
(32,	'ru',	'растёт трава, на траве стоят дров',	'трава, на траве стоят дрова.На дворе растёт'),
(944,	'ru',	'трава, на траве стоят дрова.На',	'дрова.На дворе растёт трава, на траве стоят'),
(766,	'ru',	'трава, на траве стоят дрова.На',	'трава, на траве стоят дрова.На дворе растёт'),
(336,	'ru',	'стоят дрова.На',	'стоят дрова.На дворе растёт трава, на траве'),
(437,	'ru',	'дрова.На дворе растёт трава, на',	'траве стоят дрова.На дворе растёт трава, на'),
(813,	'ru',	'траве стоят ',	'дрова.На дворе растёт трава, на траве стоят'),
(9,		'ru',	'на траве стоя',	'дрова.На дворе растёт трава, на траве стоят'),
(582,	'ru',	'рова.На дворе растёт трава, на тр',	'трава, на траве стоят дрова.На дворе растёт'),
(671,	'ru',	'на траве сто',	'ова.На дворе растёт трава, на траве стоят др'),
(898,	'ru',	'трав',	'на траве стоят дрова.На дворе растёт трава,'),
(283,	'ru',	'трава, на траве стоят дрова.На дворе',	'.На дворе растёт трава, на траве стоят дрова'),
(253,	'ru',	'трава, на т',	'трава, на траве стоят дрова.На дворе растёт'),
(497,	'ru',	'растёт трава, на ',	'на траве стоят дрова.На дворе растёт трава,'),
(482,	'ru',	'дворе растё',	'траве стоят дрова.На дворе растёт трава, на'),
(308,	'ru',	'траве стоят дрова.На дворе ра',	'на траве стоят дрова.На дворе растёт трава,'),
(561,	'ru',	'на траве с',	'растёт трава, на траве стоят дрова.На дворе'),
(422,	'ru',	'дворе растёт трава, на т',	'дрова.На дворе растёт трава, на траве стоят'),
(932,	'ru',	'растёт трав',	'растёт трава, на траве стоят дрова.На дворе'),
(993,	'ru',	'трава, на траве стоят дров',	'а.На дворе растёт трава, на траве стоят дров'),
(460,	'ru',	'дрова.На дворе',	'растёт трава, на траве стоят дрова.На дворе'),
(870,	'ru',	'тра',	'трава, на траве стоят дрова.На дворе растёт'),
(4,		'ru',	'трава,',	'.На дворе растёт трава, на траве стоят дрова'),
(169,	'ru',	'дворе',	'дрова.На дворе растёт трава, на траве стоят'),
(550,	'ru',	'дворе растёт трава, на траве ',	'дрова.На дворе растёт трава, на траве стоят'),
(615,	'ru',	'стоят дрова.На дворе растё',	'дрова.На дворе растёт трава, на траве стоят'),
(35,	'ru',	'на т',	'растёт трава, на траве стоят дрова.На дворе'),
(915,	'ru',	'растёт трава, на трав',	'стоят дрова.На дворе растёт трава, на траве'),
(225,	'ru',	'дворе растёт трава, н',	'на траве стоят дрова.На дворе растёт трава,'),
(167,	'ru',	'трава, на траве стоят др',	'траве стоят дрова.На дворе растёт трава, на'),
(502,	'ru',	'дрова.На дворе ра',	'растёт трава, на траве стоят дрова.На дворе'),
(968,	'ru',	'растёт ',	'растёт трава, на траве стоят дрова.На дворе'),
(977,	'ru',	'дворе растёт трава, на траве стоят др',	'дворе растёт трава, на траве стоят дрова.На'),
(719,	'ru',	'на траве стоят дрова.На дворе растёт т',	'трава, на траве стоят дрова.На дворе растёт'),
(402,	'ru',	'на',	'дрова.На дворе растёт трава, на траве стоят'),
(985,	'ru',	'на траве стоят дрова.На дворе растёт трав',	'трава, на траве стоят дрова.На дворе растёт'),
(491,	'ru',	'стоят дрова.На дворе раст',	'дрова.На дворе растёт трава, на траве стоят'),
(327,	'ru',	'растёт трава, на траве стоят д',	'стоят дрова.На дворе растёт трава, на траве'),
(403,	'ru',	'дрова.На дворе растёт',	'На дворе растёт трава, на траве стоят дрова.'),
(956,	'ru',	'дрова.На дворе растё',	'на траве стоят дрова.На дворе растёт трава,'),
(557,	'ru',	'трава, на трав',	'дворе растёт трава, на траве стоят дрова.На'),
(199,	'ru',	'трава, на тра',	'трава, на траве стоят дрова.На дворе растёт'),
(276,	'ru',	'стоят дрова.На дворе растёт трава, на траве',	'на траве стоят дрова.На дворе растёт трава,'),
(703,	'ru',	'дрова.На дворе растёт трава,',	'стоят дрова.На дворе растёт трава, на траве'),
(118,	'ru',	'растёт трава, на траве стоят дро',	'на траве стоят дрова.На дворе растёт трава,'),
(140,	'ru',	'растёт трава, на тра',	'растёт трава, на траве стоят дрова.На дворе'),
(567,	'ru',	'дрова.',	'дрова.На дворе растёт трава, на траве стоят'),
(359,	'ru',	'трава, на траве',	'на траве стоят дрова.На дворе растёт трава,'),
(267,	'ru',	'траве стоят дрова.На дворе растёт тр',	'трава, на траве стоят дрова.На дворе растёт'),
(548,	'ru',	'стоят дрова.На дворе растёт',	'а.На дворе растёт трава, на траве стоят дров'),
(653,	'ru',	'рова.На дворе р',	'трава, на траве стоят дрова.На дворе растёт'),
(805,	'ru',	'р',	'.На дворе растёт трава, на траве стоят дрова'),
(393,	'ru',	'дрова.На дворе',	'на траве стоят дрова.На дворе растёт трава,'),
(99,	'ru',	'рова.На',	'траве стоят дрова.На дворе растёт трава, на'),
(183,	'ru',	'дрова.На дворе растёт трава, на траве ст',	'на траве стоят дрова.На дворе растёт трава,'),
(774,	'ru',	'дрова.На дворе растёт трава, на трав',	'трава, на траве стоят дрова.На дворе растёт'),
(849,	'ru',	'трава, на траве стоят дрова.Н',	'трава, на траве стоят дрова.На дворе растёт'),
(984,	'ru',	'дворе растёт трава, на траве стоят дрова.',	'трава, на траве стоят дрова.На дворе растёт'),
(595,	'ru',	'на траве стоят дрова.На дворе растёт трава,',	'растёт трава, на траве стоят дрова.На дворе'),
(656,	'ru',	'тр',	'дрова.На дворе растёт трава, на траве стоят'),
(907,	'ru',	'а.На дворе растёт тра',	'на траве стоят дрова.На дворе растёт трава,'),
(388,	'ru',	'на траве',	'дрова.На дворе растёт трава, на траве стоят'),
(121,	'ru',	'траве стоят дрова.На двор',	'трава, на траве стоят дрова.На дворе растёт'),
(268,	'ru',	'дрова.На дворе растёт',	'стоят дрова.На дворе растёт трава, на траве'),
(120,	'ru',	'стоят дрова.На дворе растёт трава, на',	'на траве стоят дрова.На дворе растёт трава,'),
(917,	'ru',	'дворе р',	'дрова.На дворе растёт трава, на траве стоят'),
(269,	'ru',	'на траве стоят дрова.На дворе р',	'стоят дрова.На дворе растёт трава, на траве'),
(51,	'ru',	'растёт трава, на траве стоят д',	'стоят дрова.На дворе растёт трава, на траве'),
(696,	'ru',	'рова.На дворе растёт трава,',	'трава, на траве стоят дрова.На дворе растёт'),
(362,	'ru',	'на траве стоят дрова.',	'дворе растёт трава, на траве стоят дрова.На'),
(726,	'ru',	'дрова.На дворе растёт трава, на т',	'дрова.На дворе растёт трава, на траве стоят'),
(127,	'ru',	'дво',	'трава, на траве стоят дрова.На дворе растёт'),
(762,	'ru',	'растёт трава, на траве стоя',	'трава, на траве стоят дрова.На дворе растёт'),
(27,	'ru',	'дрова.На д',	'дрова.На дворе растёт трава, на траве стоят'),
(88,	'ru',	'стоят дрова.На дворе растёт',	'трава, на траве стоят дрова.На дворе растёт'),
(596,	'ru',	'трава',	'ва.На дворе растёт трава, на траве стоят дро'),
(96,	'ru',	'т',	'на траве стоят дрова.На дворе растёт трава,'),
(779,	'ru',	'дрова.На',	'трава, на траве стоят дрова.На дворе растёт'),
(816,	'ru',	'растёт трава, на траве стоят дрова.На',	'на траве стоят дрова.На дворе растёт трава,'),
(396,	'ru',	'.На дворе раст',	'стоят дрова.На дворе растёт трава, на траве'),
(390,	'ru',	'трава, на траве стоят д',	'ова.На дворе растёт трава, на траве стоят др'),
(409,	'ru',	'стоят дрова.На дворе растёт трава, на тра',	'растёт трава, на траве стоят дрова.На дворе'),
(903,	'ru',	'трава, на траве стоят дрова.На двор',	'На дворе растёт трава, на траве стоят дрова.'),
(740,	'ru',	'дрова.На дворе растёт трава, на',	'дрова.На дворе растёт трава, на траве стоят'),
(351,	'ru',	'трава, на траве стоят дрова.На дворе р',	'трава, на траве стоят дрова.На дворе растёт'),
(412,	'ru',	'растёт трава, на траве стоя',	'на траве стоят дрова.На дворе растёт трава,'),
(725,	'ru',	'трава, на траве стоят дрова.На дворе растё',	'дрова.На дворе растёт трава, на траве стоят'),
(179,	'ru',	'стоят дрова.На дворе растёт трава,',	'дворе растёт трава, на траве стоят дрова.На'),
(65,	'ru',	'На дворе р',	'стоят дрова.На дворе растёт трава, на траве'),
(33,	'ru',	'стоят дрова.На дворе растёт трава,',	'трава, на траве стоят дрова.На дворе растёт'),
(372,	'ru',	'растёт трава, на траве стоя',	'на траве стоят дрова.На дворе растёт трава,'),
(947,	'ru',	'рова.На дворе растёт трава, на траве',	'дрова.На дворе растёт трава, на траве стоят'),
(868,	'ru',	'траве стоят др',	'на траве стоят дрова.На дворе растёт трава,'),
(793,	'ru',	'на траве стоят дрова.На дворе раст',	'на траве стоят дрова.На дворе растёт трава,'),
(797,	'ru',	'трава, на траве стоят дрова.На дворе рас',	'рова.На дворе растёт трава, на траве стоят д'),
(798,	'ru',	'траве стоят дрова.На',	'на траве стоят дрова.На дворе растёт трава,'),
(526,	'ru',	'дворе',	'на траве стоят дрова.На дворе растёт трава,'),
(139,	'ru',	'трава, на траве стоят дрова.На дворе растёт',	'растёт трава, на траве стоят дрова.На дворе'),
(651,	'ru',	'трава, на траве стоят дрова.На д',	'на траве стоят дрова.На дворе растёт трава,'),
(723,	'ru',	'растёт трава, на траве стоят ',	'дворе растёт трава, на траве стоят дрова.На'),
(322,	'ru',	'дрова.На дворе ра',	'на траве стоят дрова.На дворе растёт трава,'),
(678,	'ru',	'на траве стоят дрова.На дворе растёт тра',	'На дворе растёт трава, на траве стоят дрова.'),
(806,	'ru',	'на траве стоят дрова.На дворе растёт т',	'на траве стоят дрова.На дворе растёт трава,'),
(160,	'ru',	'растёт трава, на траве ст',	'стоят дрова.На дворе растёт трава, на траве'),
(427,	'ru',	'дворе растёт трава, на траве',	'на траве стоят дрова.На дворе растёт трава,'),
(611,	'ru',	'ва.На дво',	'а.На дворе растёт трава, на траве стоят дров'),
(974,	'ru',	'растёт трава, на траве стоят дрова.На дворе',	'траве стоят дрова.На дворе растёт трава, на'),
(558,	'ru',	'дро',	'на траве стоят дрова.На дворе растёт трава,'),
(369,	'ru',	'На дворе ',	'на траве стоят дрова.На дворе растёт трава,'),
(204,	'ru',	'трава, на тр',	'стоят дрова.На дворе растёт трава, на траве'),
(198,	'ru',	'стоят дрова.На',	'стоят дрова.На дворе растёт трава, на траве'),
(324,	'ru',	'а.На дво',	'растёт трава, на траве стоят дрова.На дворе'),
(924,	'ru',	'на траве стоят дрова.На дворе растёт трава,',	'На дворе растёт трава, на траве стоят дрова.'),
(790,	'ru',	'растёт трава, на траве с',	'дворе растёт трава, на траве стоят дрова.На'),
(922,	'ru',	'.На дворе растё',	'стоят дрова.На дворе растёт трава, на траве'),
(599,	'ru',	'на траве стоят дрова.На дворе растёт т',	'дворе растёт трава, на траве стоят дрова.На'),
(661,	'ru',	'дворе растёт тра',	'дворе растёт трава, на траве стоят дрова.На'),
(602,	'ru',	'дрова.На дворе растёт трава, на т',	'трава, на траве стоят дрова.На дворе растёт'),
(184,	'ru',	'дрова.На дворе растёт трава, на',	'растёт трава, на траве стоят дрова.На дворе'),
(405,	'ru',	'растёт трава, на траве стоят дрова.На',	'ва.На дворе растёт трава, на траве стоят дро'),
(188,	'ru',	'растёт тр',	'растёт трава, на траве стоят дрова.На дворе'),
(770,	'ru',	'дрова.На дворе растёт трава, н',	'дрова.На дворе растёт трава, на траве стоят'),
(309,	'ru',	'стоят дрова.На дворе растёт трава, на',	'стоят дрова.На дворе растёт трава, на траве'),
(996,	'ru',	'растёт трава, ',	'дрова.На дворе растёт трава, на траве стоят'),
(347,	'ru',	'дрова.На дворе ра',	'растёт трава, на траве стоят дрова.На дворе'),
(221,	'ru',	'ва.На дв',	'дрова.На дворе растёт трава, на траве стоят'),
(172,	'ru',	'дворе растёт трава, на траве',	'ва.На дворе растёт трава, на траве стоят дро'),
(242,	'ru',	'ова.На дворе растёт трава, на траве стоя',	'дрова.На дворе растёт трава, на траве стоят'),
(178,	'ru',	'дрова.На двор',	'дрова.На дворе растёт трава, на траве стоят'),
(933,	'ru',	'дрова.На дворе растёт трава, на траве стоя',	'трава, на траве стоят дрова.На дворе растёт'),
(299,	'ru',	'растёт трава',	'ова.На дворе растёт трава, на траве стоят др'),
(750,	'ru',	'стоят дрова.На дворе растёт трава, на т',	'трава, на траве стоят дрова.На дворе растёт'),
(846,	'ru',	'трава, на тра',	'дворе растёт трава, на траве стоят дрова.На'),
(297,	'ru',	'трава, н',	'а.На дворе растёт трава, на траве стоят дров'),
(951,	'ru',	'.На д',	'стоят дрова.На дворе растёт трава, на траве'),
(579,	'ru',	'На дворе раст',	'дрова.На дворе растёт трава, на траве стоят'),
(733,	'ru',	'на тр',	'стоят дрова.На дворе растёт трава, на траве'),
(436,	'ru',	'ва.На дворе растёт трава, на т',	'дрова.На дворе растёт трава, на траве стоят'),
(107,	'ru',	'тра',	'стоят дрова.На дворе растёт трава, на траве'),
(931,	'ru',	'траве стоят дрова.Н',	'.На дворе растёт трава, на траве стоят дрова'),
(229,	'ru',	'стоят дрова.На дворе растёт трава, на',	'растёт трава, на траве стоят дрова.На дворе'),
(616,	'ru',	'растёт трава, на т',	'дрова.На дворе растёт трава, на траве стоят'),
(881,	'ru',	'на траве с',	'на траве стоят дрова.На дворе растёт трава,'),
(404,	'ru',	'дворе растёт трава, на траве стоят дрова.',	'дрова.На дворе растёт трава, на траве стоят'),
(226,	'ru',	'растёт трава, на ',	'дрова.На дворе растёт трава, на траве стоят'),
(6,		'ru',	'трава, н',	'дрова.На дворе растёт трава, на траве стоят'),
(809,	'ru',	'дворе растёт трава, на траве стоят дрова.',	'на траве стоят дрова.На дворе растёт трава,'),
(264,	'ru',	'На дворе растёт трава, на траве стоят дрова.',	'стоят дрова.На дворе растёт трава, на траве'),
(950,	'ru',	'ова.На дво',	'дрова.На дворе растёт трава, на траве стоят'),
(986,	'ru',	'на траве стоят дрова.На дво',	'на траве стоят дрова.На дворе растёт трава,'),
(946,	'ru',	'траве стоят дрова.На дворе рас',	'стоят дрова.На дворе растёт трава, на траве'),
(783,	'ru',	'стоят дрова.На дворе растёт трава, на т',	'стоят дрова.На дворе растёт трава, на траве'),
(313,	'ru',	'трава, на',	'стоят дрова.На дворе растёт трава, на траве'),
(292,	'ru',	'трава, на траве стоят дров',	'на траве стоят дрова.На дворе растёт трава,'),
(532,	'ru',	'ова.На дворе растёт трава, на траве с',	'стоят дрова.На дворе растёт трава, на траве'),
(98,	'ru',	'.На дворе растёт трава, на тр',	'траве стоят дрова.На дворе растёт трава, на'),
(854,	'ru',	'траве с',	'на траве стоят дрова.На дворе растёт трава,'),
(563,	'ru',	'трава, на траве стоят ',	'стоят дрова.На дворе растёт трава, на траве'),
(252,	'ru',	'дрова.На дворе',	'на траве стоят дрова.На дворе растёт трава,'),
(431,	'ru',	'трава, на траве стоят дрова.На дв',	'траве стоят дрова.На дворе растёт трава, на'),
(767,	'ru',	'н',	'трава, на траве стоят дрова.На дворе растёт'),
(527,	'ru',	'стоят дрова.На дворе растёт трава, на тра',	'траве стоят дрова.На дворе растёт трава, на'),
(778,	'ru',	'на т',	'на траве стоят дрова.На дворе растёт трава,'),
(891,	'ru',	'дрова.На дворе растёт трава, на тра',	'растёт трава, на траве стоят дрова.На дворе'),
(10,	'ru',	'ова.На дворе растёт тр',	'растёт трава, на траве стоят дрова.На дворе'),
(690,	'ru',	'на траве стоят дрова.Н',	'дрова.На дворе растёт трава, на траве стоят'),
(49,	'ru',	'трава, на траве стоят дрова.На',	'дрова.На дворе растёт трава, на траве стоят'),
(459,	'ru',	'на траве стоят дрова.На дворе раст',	'а.На дворе растёт трава, на траве стоят дров'),
(999,	'ru',	'стоят дрова.На дворе растёт трава, на',	'дрова.На дворе растёт трава, на траве стоят'),
(822,	'ru',	'растёт трава, на',	'трава, на траве стоят дрова.На дворе растёт'),
(699,	'ru',	'растёт трава, на траве стоят д',	'трава, на траве стоят дрова.На дворе растёт'),
(360,	'ru',	'растёт трава, на траве стоят дрова.На д',	'стоят дрова.На дворе растёт трава, на траве'),
(776,	'ru',	'растёт трава, на траве стоят дрова.На двор',	'траве стоят дрова.На дворе растёт трава, на'),
(282,	'ru',	'т',	'растёт трава, на траве стоят дрова.На дворе'),
(165,	'ru',	'на тра',	'ва.На дворе растёт трава, на траве стоят дро'),
(146,	'ru',	'ст',	'ова.На дворе растёт трава, на траве стоят др'),
(955,	'ru',	'стоят дро',	'стоят дрова.На дворе растёт трава, на траве'),
(711,	'ru',	'трава, на ',	'растёт трава, на траве стоят дрова.На дворе'),
(354,	'ru',	'дворе ',	'дрова.На дворе растёт трава, на траве стоят'),
(732,	'ru',	'На дворе растёт трава, на',	'траве стоят дрова.На дворе растёт трава, на'),
(517,	'ru',	'траве стоят дрова.На дворе растёт трава',	'На дворе растёт трава, на траве стоят дрова.'),
(971,	'ru',	'дворе растёт трава, на трав',	'ова.На дворе растёт трава, на траве стоят др'),
(919,	'ru',	'дрова.Н',	'стоят дрова.На дворе растёт трава, на траве'),
(149,	'ru',	'трава',	'на траве стоят дрова.На дворе растёт трава,'),
(573,	'ru',	'дрова.',	'трава, на траве стоят дрова.На дворе растёт'),
(358,	'ru',	'стоят дрова.На дворе растёт',	'растёт трава, на траве стоят дрова.На дворе'),
(729,	'ru',	'трава, на ',	'трава, на траве стоят дрова.На дворе растёт'),
(533,	'ru',	'ра',	'растёт трава, на траве стоят дрова.На дворе'),
(258,	'ru',	'стоя',	'.На дворе растёт трава, на траве стоят дрова'),
(79,	'ru',	'на траве стоят дрова.На дв',	'трава, на траве стоят дрова.На дворе растёт'),
(254,	'ru',	'трава, на траве стоят дрова.На дв',	'на траве стоят дрова.На дворе растёт трава,'),
(157,	'ru',	'трава, на траве стоят дров',	'трава, на траве стоят дрова.На дворе растёт'),
(640,	'ru',	'траве стоят дрова.На дворе растёт трава,',	'трава, на траве стоят дрова.На дворе растёт'),
(819,	'ru',	'стоят дрова.На дворе растёт',	'рова.На дворе растёт трава, на траве стоят д'),
(145,	'ru',	'дрова.На двор',	'растёт трава, на траве стоят дрова.На дворе'),
(730,	'ru',	'на траве стоят дрова.На',	'на траве стоят дрова.На дворе растёт трава,'),
(2,		'ru',	'стоят дрова.',	'траве стоят дрова.На дворе растёт трава, на'),
(5,		'ru',	'трава, на тра',	'а.На дворе растёт трава, на траве стоят дров'),
(243,	'ru',	'растёт трава, на ',	'растёт трава, на траве стоят дрова.На дворе'),
(901,	'ru',	'дрова.На дворе растёт трава, на траве стоя',	'на траве стоят дрова.На дворе растёт трава,'),
(328,	'ru',	'траве стоят дро',	'дрова.На дворе растёт трава, на траве стоят'),
(77,	'ru',	'трава, на тр',	'трава, на траве стоят дрова.На дворе растёт'),
(440,	'ru',	'трава, на траве стоят дрова.На дворе',	'на траве стоят дрова.На дворе растёт трава,'),
(858,	'ru',	'растёт трава, на траве стоят дрова.Н',	'на траве стоят дрова.На дворе растёт трава,'),
(55,	'ru',	'дворе растё',	'траве стоят дрова.На дворе растёт трава, на'),
(428,	'ru',	'дворе растёт трава, на траве сто',	'дрова.На дворе растёт трава, на траве стоят'),
(475,	'ru',	'дрова.На дворе растёт трава, на',	'на траве стоят дрова.На дворе растёт трава,'),
(916,	'ru',	'стоят дрова.На дворе растёт трава,',	'ова.На дворе растёт трава, на траве стоят др'),
(840,	'ru',	'на траве стоят дрова.Н',	'растёт трава, на траве стоят дрова.На дворе'),
(760,	'ru',	'а.На дворе растёт трава, на траве с',	'.На дворе растёт трава, на траве стоят дрова'),
(860,	'ru',	'на траве стоят ',	'траве стоят дрова.На дворе растёт трава, на'),
(56,	'ru',	'ст',	'стоят дрова.На дворе растёт трава, на траве'),
(38,	'ru',	'на траве стоят ',	'траве стоят дрова.На дворе растёт трава, на'),
(585,	'ru',	'дворе рас',	'стоят дрова.На дворе растёт трава, на траве'),
(248,	'ru',	'ова.На дворе растёт трава, на',	'растёт трава, на траве стоят дрова.На дворе'),
(29,	'ru',	'дворе растёт трава, на траве стоят дрова.Н',	'на траве стоят дрова.На дворе растёт трава,'),
(885,	'ru',	'растёт трава, на траве стоят др',	'на траве стоят дрова.На дворе растёт трава,'),
(728,	'ru',	'трава, на тра',	'дрова.На дворе растёт трава, на траве стоят'),
(832,	'ru',	'дворе растёт т',	'на траве стоят дрова.На дворе растёт трава,'),
(207,	'ru',	'дрова.На дворе растёт тра',	'дворе растёт трава, на траве стоят дрова.На'),
(294,	'ru',	'на траве сто',	'На дворе растёт трава, на траве стоят дрова.'),
(14,	'ru',	'стоят дрова.На дворе растё',	'стоят дрова.На дворе растёт трава, на траве'),
(306,	'ru',	'трава, на траве стоят ',	'а.На дворе растёт трава, на траве стоят дров'),
(601,	'ru',	'растёт трава, на траве стоят дрова',	'траве стоят дрова.На дворе растёт трава, на'),
(255,	'ru',	'траве стоят дрова.На дворе растёт трава, на',	'дрова.На дворе растёт трава, на траве стоят'),
(515,	'ru',	'тра',	'стоят дрова.На дворе растёт трава, на траве'),
(196,	'ru',	'растёт трава, на',	'дворе растёт трава, на траве стоят дрова.На'),
(848,	'ru',	'трава, ',	'трава, на траве стоят дрова.На дворе растёт'),
(414,	'ru',	'стоят дрова.На дворе растёт трава',	'растёт трава, на траве стоят дрова.На дворе'),
(882,	'ru',	'дворе растёт трава, на траве стоят дрова',	'.На дворе растёт трава, на траве стоят дрова'),
(11,	'ru',	'растёт трава, на траве стоят дрова.На',	'растёт трава, на траве стоят дрова.На дворе'),
(346,	'ru',	'дворе растёт трава, на траве стоят дрова.Н',	'стоят дрова.На дворе растёт трава, на траве'),
(918,	'ru',	'трава, на тр',	'трава, на траве стоят дрова.На дворе растёт'),
(256,	'ru',	'дрова.На дв',	'трава, на траве стоят дрова.На дворе растёт'),
(367,	'ru',	'дворе растёт трава, на',	'растёт трава, на траве стоят дрова.На дворе'),
(135,	'ru',	'стоят др',	'стоят дрова.На дворе растёт трава, на траве'),
(989,	'ru',	'растёт трава, на тра',	'на траве стоят дрова.На дворе растёт трава,'),
(25,	'ru',	'на траве стоят дрова.На дворе растёт трава,',	'траве стоят дрова.На дворе растёт трава, на'),
(251,	'ru',	'дворе растёт ',	'на траве стоят дрова.На дворе растёт трава,'),
(454,	'ru',	'стоят дрова.На дворе растёт трав',	'стоят дрова.На дворе растёт трава, на траве'),
(583,	'ru',	'растёт трава, на траве стоят дрова.',	'на траве стоят дрова.На дворе растёт трава,'),
(195,	'ru',	'растёт трава, на траве стоят ',	'трава, на траве стоят дрова.На дворе растёт'),
(575,	'ru',	'ва.На д',	'дрова.На дворе растёт трава, на траве стоят'),
(246,	'ru',	'с',	'на траве стоят дрова.На дворе растёт трава,'),
(227,	'ru',	'на ',	'на траве стоят дрова.На дворе растёт трава,'),
(710,	'ru',	'дрова.На дворе растёт трава, на трав',	'трава, на траве стоят дрова.На дворе растёт'),
(952,	'ru',	'дрова.На дворе растёт т',	'траве стоят дрова.На дворе растёт трава, на'),
(649,	'ru',	'трава, на т',	'трава, на траве стоят дрова.На дворе растёт'),
(3,		'ru',	'стоят дрова.На дворе растёт тр',	'стоят дрова.На дворе растёт трава, на траве'),
(680,	'ru',	'дрова.На дворе растёт трав',	'на траве стоят дрова.На дворе растёт трава,'),
(786,	'ru',	'трава, на тр',	'растёт трава, на траве стоят дрова.На дворе'),
(590,	'ru',	'стоят дрова.На дворе растёт трав',	'дворе растёт трава, на траве стоят дрова.На'),
(7,		'ru',	'дворе растёт трава, ',	'на траве стоят дрова.На дворе растёт трава,'),
(576,	'ru',	'трава, на траве стоят дрова.На дворе р',	'трава, на траве стоят дрова.На дворе растёт'),
(153,	'ru',	'траве стоят д',	'траве стоят дрова.На дворе растёт трава, на'),
(214,	'ru',	'трава, на траве стоят дрова.На дворе ра',	'ова.На дворе растёт трава, на траве стоят др'),
(746,	'ru',	'трава, на т',	'трава, на траве стоят дрова.На дворе растёт'),
(193,	'ru',	'трав',	'а.На дворе растёт трава, на траве стоят дров'),
(647,	'ru',	'траве сто',	'стоят дрова.На дворе растёт трава, на траве'),
(597,	'ru',	'растёт трава, на тр',	'растёт трава, на траве стоят дрова.На дворе'),
(851,	'ru',	'трава',	'трава, на траве стоят дрова.На дворе растёт'),
(591,	'ru',	'на траве стоят дрова.На дворе растёт тра',	'трава, на траве стоят дрова.На дворе растёт'),
(670,	'ru',	'дрова.',	'дворе растёт трава, на траве стоят дрова.На'),
(192,	'ru',	'растёт тра',	'дворе растёт трава, на траве стоят дрова.На'),
(853,	'ru',	'на траве',	'трава, на траве стоят дрова.На дворе растёт'),
(129,	'ru',	'на траве стоят дрова.На дво',	'трава, на траве стоят дрова.На дворе растёт'),
(748,	'ru',	'растёт трава, на траве',	'трава, на траве стоят дрова.На дворе растёт'),
(586,	'ru',	'на траве стоят ',	'траве стоят дрова.На дворе растёт трава, на'),
(741,	'ru',	'на траве стоят дрова.Н',	'трава, на траве стоят дрова.На дворе растёт'),
(862,	'ru',	'рова.На дворе р',	'растёт трава, на траве стоят дрова.На дворе'),
(461,	'ru',	'растёт трава, на траве стоят дров',	'дворе растёт трава, на траве стоят дрова.На'),
(815,	'ru',	'дворе растёт трава, на траве стоят др',	'трава, на траве стоят дрова.На дворе растёт'),
(980,	'ru',	'растёт трава, на траве стоя',	'на траве стоят дрова.На дворе растёт трава,'),
(326,	'ru',	'рова.Н',	'стоят дрова.На дворе растёт трава, на траве'),
(512,	'ru',	'растёт трав',	'на траве стоят дрова.На дворе растёт трава,'),
(281,	'ru',	'рова.На дворе растёт трав',	'а.На дворе растёт трава, на траве стоят дров'),
(45,	'ru',	'трава, на траве стоят дрова.На дворе растё',	'рова.На дворе растёт трава, на траве стоят д'),
(939,	'ru',	'стоят дрова.На',	'На дворе растёт трава, на траве стоят дрова.'),
(472,	'ru',	'трава, на траве стоят дрова.На',	'стоят дрова.На дворе растёт трава, на траве'),
(387,	'ru',	'др',	'трава, на траве стоят дрова.На дворе растёт'),
(963,	'ru',	'ва.На дворе растёт трава, на тр',	'на траве стоят дрова.На дворе растёт трава,');